檔名,狀態,clip_limit
100.jpg,✅ 已增強,1.5
102.jpg,✅ 已增強,1.5
103.jpg,✅ 已增強,1.5
106.jpg,✅ 已增強,1.5
107.jpg,✅ 已增強,1.5
11.jpg,✅ 已增強,1.5
110.jpg,✅ 已增強,1.5
111.jpg,✅ 已增強,1.5
112.jpg,✅ 已增強,1.5
113.jpg,✅ 已增強,1.5
114.jpg,✅ 已增強,1.5
115.jpg,✅ 已增強,1.5
116.jpg,✅ 已增強,1.5
117.jpg,✅ 已增強,1.5
118.jpg,✅ 已增強,1.5
119.jpg,✅ 已增強,1.5
12.jpg,✅ 已增強,1.5
120.jpg,✅ 已增強,1.5
121.jpg,✅ 已增強,1.5
122.jpg,✅ 已增強,1.5
123.jpg,✅ 已增強,1.5
124.jpg,✅ 已增強,1.5
125.jpg,✅ 已增強,1.5
126.jpg,✅ 已增強,1.5
127.jpg,✅ 已增強,1.5
128.jpg,✅ 已增強,1.5
129.jpg,✅ 已增強,1.5
13.jpg,✅ 已增強,1.5
130.jpg,✅ 已增強,1.5
131.jpg,✅ 已增強,1.5
132.jpg,✅ 已增強,1.5
133jpg.jpg,✅ 已增強,1.5
134.jpg,✅ 已增強,1.5
135.jpg,✅ 已增強,1.5
136.jpg,✅ 已增強,1.5
137.jpg,✅ 已增強,1.5
138.jpg,✅ 已增強,1.5
139.jpg,✅ 已增強,1.5
14.jpg,✅ 已增強,1.5
140.jpg,✅ 已增強,1.5
141.jpg,✅ 已增強,1.5
142.jpg,✅ 已增強,1.5
143.jpg,✅ 已增強,1.5
144.jpg,✅ 已增強,1.5
145.jpg,✅ 已增強,1.5
146.jpg,✅ 已增強,1.5
147.jpg,✅ 已增強,1.5
148.jpg,✅ 已增強,1.5
149.jpg,✅ 已增強,1.5
15.jpg,✅ 已增強,1.5
150.jpg,✅ 已增強,1.5
151.jpg,✅ 已增強,1.5
152.jpg,✅ 已增強,1.5
153.jpg,✅ 已增強,1.5
154.jpg,✅ 已增強,1.5
155.jpg,✅ 已增強,1.5
156.jpg,✅ 已增強,1.5
157.jpg,✅ 已增強,1.5
158.jpg,✅ 已增強,1.5
159.jpg,✅ 已增強,1.5
16.jpg,✅ 已增強,1.5
160.jpg,✅ 已增強,1.5
161.jpg,✅ 已增強,1.5
162.jpg,✅ 已增強,1.5
163.jpg,✅ 已增強,1.5
164.jpg,✅ 已增強,1.5
165.jpg,✅ 已增強,1.5
166.jpg,✅ 已增強,1.5
167.jpg,✅ 已增強,1.5
168.jpg,✅ 已增強,1.5
169.jpg,✅ 已增強,1.5
17.jpg,✅ 已增強,1.5
170.jpg,✅ 已增強,1.5
171.jpg,✅ 已增強,1.5
172.jpg,✅ 已增強,1.5
173.jpg,✅ 已增強,1.5
174.jpg,✅ 已增強,1.5
175.jpg,✅ 已增強,1.5
176.jpg,✅ 已增強,1.5
177.jpg,✅ 已增強,1.5
178.jpg,✅ 已增強,1.5
179.jpg,✅ 已增強,1.5
18.jpg,✅ 已增強,1.5
180.jpg,✅ 已增強,1.5
181.jpg,✅ 已增強,1.5
182.jpg,✅ 已增強,1.5
183.jpg,✅ 已增強,1.5
184.jpg,✅ 已增強,1.5
185.jpg,✅ 已增強,1.5
186.jpg,✅ 已增強,1.5
187.jpg,✅ 已增強,1.5
188.jpg,✅ 已增強,1.5
189.jpg,✅ 已增強,1.5
19.jpg,✅ 已增強,1.5
190.jpg,✅ 已增強,1.5
20.jpg,✅ 已增強,1.5
21.jpg,✅ 已增強,1.5
22.jpg,✅ 已增強,1.5
23.jpg,✅ 已增強,1.5
24.jpg,✅ 已增強,1.5
25.jpg,✅ 已增強,1.5
26.jpg,✅ 已增強,1.5
27.jpg,✅ 已增強,1.5
28.jpg,✅ 已增強,1.5
29.jpg,✅ 已增強,1.5
31.jpg,✅ 已增強,1.5
33.jpg,✅ 已增強,1.5
35.jpg,✅ 已增強,1.5
37.jpg,✅ 已增強,1.5
38.jpg,✅ 已增強,1.5
41.jpg,✅ 已增強,1.5
42.jpg,✅ 已增強,1.5
43.jpg,✅ 已增強,1.5
44.jpg,✅ 已增強,1.5
45.jpg,✅ 已增強,1.5
46.jpg,✅ 已增強,1.5
47.jpg,✅ 已增強,1.5
48.jpg,✅ 已增強,1.5
52.jpg,✅ 已增強,1.5
53.jpg,✅ 已增強,1.5
54.jpg,✅ 已增強,1.5
56.jpg,✅ 已增強,1.5
57.jpg,✅ 已增強,1.5
58.jpg,✅ 已增強,1.5
60.jpg,✅ 已增強,1.5
61.jpg,✅ 已增強,1.5
62.jpg,✅ 已增強,1.5
63.jpg,✅ 已增強,1.5
64.jpg,✅ 已增強,1.5
66.jpg,✅ 已增強,1.5
67.jpg,✅ 已增強,1.5
69.jpg,✅ 已增強,1.5
76.jpg,✅ 已增強,1.5
78.jpg,✅ 已增強,1.5
79.jpg,✅ 已增強,1.5
81.jpg,✅ 已增強,1.5
82.jpg,✅ 已增強,1.5
83.jpg,✅ 已增強,1.5
84.jpg,✅ 已增強,1.5
85.jpg,✅ 已增強,1.5
87.jpg,✅ 已增強,1.5
88.jpg,✅ 已增強,1.5
89.jpg,✅ 已增強,1.5
93.jpg,✅ 已增強,1.5
94.jpg,✅ 已增強,1.5
96.jpg,✅ 已增強,1.5
97.jpg,✅ 已增強,1.5
98.jpg,✅ 已增強,1.5
99.jpg,✅ 已增強,1.5
