epoch,lr,train_loss,val_loss,val_dice,sec
1,0.001,0.6254696873731391,0.35683351192834245,0.8949287252606086,11.304916381835938
2,0.0009933557046979866,0.2914534854334454,0.2899522950064461,0.8738676057952754,11.058375597000122
3,0.0009867114093959732,0.23388166039489036,0.4124833772767265,0.8099469390680205,11.491325855255127
4,0.0009800671140939598,0.22272475569747216,0.22747602833891814,0.9128348681161988,11.661095380783081
5,0.0009734228187919463,0.19285669950551765,0.19691290523646013,0.914788838827385,11.23684573173523
6,0.0009667785234899329,0.1777282691279123,0.3262117741242895,0.8673925411026433,10.761171340942383
7,0.0009601342281879195,0.16914710790611978,0.23076848432702837,0.9053107275153106,10.654834985733032
8,0.000953489932885906,0.16773110087527784,0.20167574455153267,0.9139604568481445,10.770405530929565
9,0.0009468456375838927,0.1762173540370409,0.17176184072247092,0.9282625688696807,10.720448970794678
10,0.0009402013422818793,0.15797666907310487,0.2035788708138016,0.9151928256142814,10.832374095916748
11,0.0009335570469798658,0.1645062683626663,0.18265268347173366,0.9214941982953053,11.965360164642334
12,0.0009269127516778523,0.1481948641843574,0.1708507568768735,0.9285359045244613,13.524503469467163
13,0.000920268456375839,0.1504892223103102,0.16644817295501818,0.9311363697052002,14.566608905792236
14,0.0009136241610738255,0.15128135265305984,0.18675600962256486,0.9249843302762734,12.04654335975647
15,0.0009069798657718121,0.141634265350741,0.16499959185438337,0.9306950276752688,10.874397039413452
16,0.0009003355704697986,0.14662326172340748,0.16116877856119624,0.9315329767623037,10.359779357910156
17,0.0008936912751677852,0.1391461025836856,0.1650906118019572,0.9308437255193602,11.640477180480957
18,0.0008870469798657719,0.1399943073128545,0.16136384516392113,0.9321851291746464,10.646881103515625
19,0.0008804026845637584,0.1372026727643124,0.1615862989763044,0.9310506728460204,11.48988389968872
20,0.000873758389261745,0.14289379106011502,0.1717286211139751,0.9289168603015396,11.339963674545288
21,0.0008671140939597315,0.14823246473489807,0.17473660887412304,0.9256016083483426,10.898528575897217
22,0.0008604697986577181,0.1493450733118279,3.7320419167572596,0.3626407249918524,11.363114833831787
23,0.0008538255033557048,0.15696974812551986,0.18611996128874006,0.9193827150002966,15.936340808868408
24,0.0008471812080536913,0.1463893640873044,0.1734037179991884,0.9240744192645235,13.325160264968872
25,0.0008405369127516779,0.14122008875358935,0.17098682120723543,0.9291912058614334,11.750904321670532
26,0.0008338926174496643,0.12999324327291445,0.16357504084425153,0.9316931456889747,11.233537197113037
27,0.000827248322147651,0.12862327667169793,0.1602979985610494,0.9312958706100032,11.36500597000122
28,0.0008206040268456376,0.12307130001312079,0.1569613441824913,0.9336335299149999,11.159207105636597
29,0.0008139597315436242,0.12441900622013004,0.19791559045607188,0.918461837858524,11.34579086303711
30,0.0008073154362416107,0.12984958055407503,0.16480424353536569,0.9307905334346699,11.849283218383789
31,0.0008006711409395973,0.13433430693870366,0.1587740199745826,0.9335902063351758,10.751213073730469
32,0.0007940268456375839,0.13053954701090967,0.1821260317316595,0.9197706805085236,10.920838117599487
33,0.0007873825503355705,0.13660525485526684,0.1819288601290505,0.9248326791907256,12.740573167800903
34,0.0007807382550335571,0.13528751425964888,0.17038854787934501,0.927163765115558,14.511651515960693
35,0.0007740939597315437,0.13202973354694456,0.1609138257379802,0.9323790320810282,11.31788420677185
36,0.0007674496644295302,0.12694248487783033,0.15738193479911336,0.9327586743066896,11.279288053512573
37,0.0007608053691275168,0.12032221971556198,0.16509205637113103,0.931210495390982,11.412987470626831
38,0.0007541610738255034,0.12193442860315012,0.16494188752939115,0.9313288004893177,10.782939910888672
39,0.00074751677852349,0.12413434982299805,0.16531995262177485,0.9306895564187248,10.539425611495972
40,0.0007408724832214766,0.11950297743775123,0.16765980731766178,0.9286786790164012,11.33286452293396
41,0.0007342281879194632,0.11640152945074925,0.17577305689172926,0.9284197811810475,11.544593095779419
42,0.0007275838926174498,0.11368758221005285,0.1620955914258957,0.9327129620426106,11.411856412887573
43,0.0007209395973154362,0.11354421654412913,0.16656848282184242,0.9328020709865498,11.178988218307495
44,0.0007142953020134228,0.1113139797781789,0.19125579578696555,0.9204112639967,13.322152614593506
45,0.0007076510067114094,0.12935601375823796,0.1632882040345444,0.9316963092336115,14.171658754348755
46,0.000701006711409396,0.1173517647177674,0.1592295099541826,0.9319092327693723,13.20485520362854
47,0.0006943624161073825,0.1178159171758696,0.16328840843349132,0.9315684460244089,11.300366163253784
48,0.0006877181208053691,0.11494595560916634,0.16399826109409332,0.9311656681996472,11.205833196640015
49,0.0006810738255033557,0.13400566924450008,0.16852902100895936,0.9280303851613458,11.428874731063843
50,0.0006744295302013423,0.11879141621811445,0.16449518698566365,0.9322684024864772,11.698764085769653
51,0.0006677852348993289,0.11861408269682595,0.17456791184420856,0.9273555829839887,11.78921365737915
52,0.0006611409395973154,0.11394543841827748,0.1582738807741201,0.9338676951966196,11.917344331741333
53,0.000654496644295302,0.10728344667789548,0.16964733460039463,0.9305818834394779,11.016336441040039
54,0.0006478523489932886,0.1155156925667164,0.16336904269344402,0.931167334880469,10.983715295791626
55,0.0006412080536912753,0.11296586934910265,0.17772973511578902,0.927832766523901,15.198667049407959
56,0.0006345637583892618,0.11524974613688713,0.1594482994866821,0.9342074079333611,13.01568078994751
57,0.0006279194630872483,0.10619886323463085,0.1716070405717166,0.9294416105972146,11.683877229690552
58,0.0006212751677852348,0.10462889144586962,0.1597796986406704,0.9331530928611755,11.410317420959473
59,0.0006146308724832214,0.1048307104166164,0.17028721267322325,0.9302760868702294,11.323556423187256
60,0.0006079865771812081,0.09877572225969891,0.1664561709424235,0.9328527056945944,10.823980331420898
61,0.0006013422818791947,0.10687667727470399,0.1749586692115046,0.9291494072608228,10.8509361743927
62,0.0005946979865771812,0.1048134864762772,0.1621687223888793,0.930876946674203,10.81663465499878
63,0.0005880536912751677,0.10552836247654848,0.17106866555393868,0.9297204107608436,10.299865484237671
64,0.0005814093959731543,0.09898151360278906,0.16664484283834133,0.9307686551561896,11.428154230117798
65,0.000574765100671141,0.09891978412173515,0.1758202078207484,0.9288520194449514,10.85985255241394
66,0.0005681208053691276,0.09580718868000562,0.16416375395262017,0.9335853626143258,15.385140657424927
67,0.0005614765100671141,0.09849172407804534,0.17243582881846517,0.9286562845392047,12.082329750061035
68,0.0005548322147651007,0.09752947937610537,0.16823358229308757,0.9301435148940896,11.782820224761963
69,0.0005481879194630874,0.1007436650436978,0.16393885157018337,0.9319175965381119,11.68513011932373
70,0.0005415436241610739,0.09557213603064071,0.17391130103255217,0.9295042865681198,11.333882093429565
71,0.0005348993288590605,0.09305842726729636,0.18787472203092756,0.9242329305073,11.75548005104065
72,0.0005282550335570469,0.09009866444177406,0.1788224307995922,0.9259864879104326,11.296646118164062
73,0.0005216107382550335,0.08816152256588604,0.19072684167690998,0.9243996435741209,11.368939399719238
74,0.0005149664429530202,0.10148482045461965,0.17723210577694876,0.9301736602243388,11.374451398849487
75,0.0005083221476510067,0.10470401014006415,0.17687317166688307,0.9267306474019896,11.957436323165894
76,0.0005016778523489933,0.09450913570648016,0.16302867514907188,0.9332351369677849,12.627116918563843
77,0.0004950335570469799,0.09821922772152479,0.3707632897597439,0.8707169620495923,13.651788711547852
78,0.0004883892617449664,0.12091417700745338,0.16280198814171665,0.9323698664611241,14.162130117416382
79,0.00048174496644295305,0.1012996562691622,0.18419020412103185,0.9262224604498666,11.369088649749756
80,0.0004751006711409397,0.10232612767884898,0.16425252551177763,0.9312246880441342,11.326249837875366
81,0.0004684563758389262,0.09027286331320918,0.16982172499850112,0.9314852615572372,11.417739868164062
82,0.00046181208053691283,0.08620265451974647,0.17330951018715804,0.9310073571385078,11.417209148406982
83,0.00045516778523489943,0.08913200878819753,0.173896590915491,0.931250126856678,11.32685899734497
84,0.0004485234899328859,0.08286075023717658,0.16739062627531448,0.9318933655630868,11.402278900146484
85,0.00044187919463087256,0.07930575117122295,0.17389811533239652,0.9336037253433803,11.517221212387085
86,0.00043523489932885905,0.07489166571650394,0.17485037923983807,0.9322501184805384,10.693880081176758
87,0.0004285906040268457,0.07672311670558397,0.17786363666912294,0.9321179716092236,13.85224461555481
88,0.0004219463087248323,0.07971078503963559,0.19465718404302057,0.9243839248171393,13.261910200119019
89,0.00041530201342281883,0.07832266307154367,0.18744267368654036,0.92675378300109,10.843633890151978
90,0.00040865771812080543,0.07878303527832031,0.20758122978907712,0.918899674460573,11.742877721786499
91,0.0004020134228187919,0.07346805382606596,0.19757030791831467,0.9251308373685153,10.893345355987549
92,0.00039536912751677856,0.06756956494131754,0.18824445259458614,0.9286221029623499,10.832842111587524
93,0.00038872483221476505,0.06512814254261727,0.18490059983055546,0.9315647426641213,11.19324803352356
94,0.0003820805369127517,0.06807178972765457,0.19449372364664977,0.926995078347764,10.936341285705566
95,0.0003754362416107382,0.06664285625136177,0.18314002454280853,0.9319493793091684,11.945389032363892
96,0.00036879194630872484,0.07096865052400633,0.1937939555577512,0.928192268002708,11.746045589447021
97,0.00036214765100671143,0.06893639682337295,0.19356288381342618,0.9278925162441326,11.749409675598145
98,0.0003555033557046979,0.06637765986974849,0.19166759443732928,0.9276962347750394,15.735438585281372
99,0.00034885906040268456,0.07165632448917211,0.22565915618302687,0.9149257270794995,14.211319208145142
100,0.00034221476510067105,0.0776262229958246,0.1769798811314241,0.9310831764958939,10.984307289123535
101,0.0003355704697986577,0.06716751386952954,0.19052225168583528,0.9283098510976108,11.412387132644653
102,0.0003289261744966443,0.0646590847608655,0.18121204778270902,0.9318859329763448,10.807060956954956
103,0.00032228187919463084,0.06105598765750264,0.19321171601988235,0.928549663075861,10.884284257888794
104,0.00031563758389261743,0.05878726410311322,0.2010568897679167,0.9276139297575321,11.413930654525757
105,0.000308993288590604,0.05707090226716773,0.204978993900542,0.9269890492817141,11.84993052482605
106,0.00030234899328859056,0.05335760483908099,0.2099706195997742,0.9269311787947169,10.881568431854248
107,0.00029570469798657716,0.05413410524989283,0.20741953602376975,0.9274058240764546,11.453662872314453
108,0.0002890604026845638,0.05533773212931877,0.20310116545209345,0.9271366078898592,13.403223276138306
109,0.0002824161073825503,0.0514235163843909,0.2051883983724522,0.9286985948400678,14.413352251052856
110,0.00027577181208053694,0.05033455324727436,0.20396563045258792,0.9299753510727072,13.868890762329102
111,0.00026912751677852343,0.05499176001825998,0.2068337896522486,0.9285658451746095,11.332356214523315
112,0.00026248322147651,0.0491637927155162,0.2122505894809399,0.9286285593824567,11.246448040008545
113,0.0002558389261744967,0.04727354500182839,0.21426657896559193,0.9277313947677612,10.607149362564087
114,0.00024919463087248316,0.047581088612245956,0.2133955660293687,0.9278423313824635,10.910193920135498
115,0.00024255033557046978,0.04530208602894184,0.22237197914213505,0.925622765748006,10.871587753295898
116,0.0002359060402684564,0.04600864357726518,0.22574185945515363,0.92505078608135,11.448358058929443
117,0.00022926174496644292,0.04447841706664063,0.21371375502280468,0.9284859929444655,11.032452821731567
118,0.00022261744966442954,0.04451507919056471,0.21709191110336556,0.9283859010012645,11.325724363327026
119,0.00021597315436241616,0.04215676722138427,0.21637117553432034,0.9291186703825897,11.545482873916626
120,0.00020932885906040267,0.04086753656697828,0.22175073075406956,0.9280337230214533,11.19052529335022
121,0.0002026845637583893,0.04147139153508253,0.2180376097841083,0.9298397628766186,11.766749620437622
122,0.0001960402684563759,0.04268833811199942,0.2232153463476109,0.9282117474753901,10.746188402175903
123,0.0001893959731543624,0.0426888013994971,0.21501479480626448,0.930184894012955,10.93565845489502
124,0.00018275167785234903,0.03947931611260702,0.21765776765796374,0.9298340903138215,11.284156560897827
125,0.00017610738255033554,0.03937679889590241,0.21895057412813296,0.9298031914908931,11.673795223236084
126,0.00016946308724832216,0.038584073061166804,0.2244647779273537,0.9294051696669381,11.147419691085815
127,0.00016281879194630878,0.03790550024010414,0.22279768394974042,0.9300918399163012,11.243879795074463
128,0.0001561744966442953,0.03702657129182372,0.22210456894816094,0.9300223150343265,10.80963921546936
129,0.0001495302013422819,0.03612492358268694,0.22982558622112814,0.9291332926390306,11.02958083152771
130,0.0001428859060402685,0.03710428486729777,0.2262643703593398,0.928959606953387,13.393866777420044
131,0.00013624161073825513,0.036043845463630764,0.22423199634507018,0.9299990546028569,14.688713788986206
132,0.00012959731543624165,0.03422615205825761,0.23004523481962816,0.9292138196387381,12.059521675109863
133,0.00012295302013422816,0.03490916767785716,0.23146020297734243,0.9288100847658122,10.99275541305542
134,0.00011630872483221489,0.03398388087056404,0.23255207670747108,0.9285992204018358,12.049330234527588
135,0.00010966442953020139,0.03266507047553395,0.2317190724161436,0.9297357527714856,10.887361526489258
136,0.0001030201342281879,0.031946203597756316,0.23506962845347962,0.9289859915679356,11.71859073638916
137,9.637583892617463e-05,0.03251902741748233,0.23622877291350994,0.9290557728623444,10.857923746109009
138,8.973154362416113e-05,0.03156057221944942,0.23121686082965923,0.929804985253316,11.209151983261108
139,8.308724832214765e-05,0.031571287748425506,0.23366204227478998,0.9296080841208404,10.739029884338379
140,7.644295302013438e-05,0.030291828721068625,0.23689015209674835,0.9294498787735993,10.87692904472351
141,6.979865771812088e-05,0.03061392189458359,0.23837241699110787,0.9296198712204987,14.601821899414062
142,6.315436241610739e-05,0.030179345261218935,0.23692702628531545,0.929679421883709,13.320981502532959
143,5.65100671140939e-05,0.029223935652610868,0.23834698858126155,0.9303299863383455,11.896281480789185
144,4.986577181208063e-05,0.029757080660309902,0.23994209490857035,0.9294120613134133,11.771609544754028
145,4.3221476510067134e-05,0.028861472495766573,0.2413901779449211,0.9298396166765465,10.750405311584473
146,3.657718120805365e-05,0.028957202614739885,0.2414722706911699,0.929406834098528,11.043440580368042
147,2.9932885906040374e-05,0.02806128779816073,0.24258487587267497,0.9292010946093865,11.274080753326416
148,2.328859060402688e-05,0.027995134994041087,0.24042771278687244,0.9297926032318259,10.806682109832764
149,1.664429530201339e-05,0.02763581594755483,0.24188419192467095,0.9299505341727778,11.49520206451416
150,1.000000000000001e-05,0.027699094560257223,0.24383841145713375,0.9295469961076412,11.803661584854126
