新檔名,來源資料夾,原始圖片檔名,原始標註檔名,有標註
train_0001,data set/Data_train,100_jpg.rf.zBbcITNYiOcvIIxh1qx1.jpg,,False
train_0002,data set/Data_train,102_jpg.rf.cOqGrl79YDBIOZPR7Uk2.jpg,,False
train_0003,data set/Data_train,103_jpg.rf.Deptbe2jCwirlk47XUfs.jpg,,False
train_0004,data set/Data_train,104_jpg.rf.tebPpIUBrsuohpY3eyBJ.jpg,,False
train_0005,data set/Data_train,106_jpg.rf.Iq2cMy4AsimbP7ZrdGhu.jpg,,False
train_0006,data set/Data_train,106_jpg.rf.MLwXjX93KXTHIQ9x9i3S.jpg,,False
train_0007,data set/Data_train,106_jpg.rf.mWb0FQ6G8sA7H6MylYL9.jpg,,False
train_0008,data set/Data_train,107_jpg.rf.iN5tqKA8IHgWStPaSDbX.jpg,,False
train_0009,data set/Data_train,107_jpg.rf.R53jnKyIU6tPb9lZup3l.jpg,,False
train_0010,data set/Data_train,10_jpg.rf.fqKDmeZqkFWYTfLaPw13.jpg,,False
train_0011,data set/Data_train,110_jpg.rf.HAOBL09cd7d446IjUbiu.jpg,,False
train_0012,data set/Data_train,110_jpg.rf.ikLGqujd4yj9WaZMc80y.jpg,,False
train_0013,data set/Data_train,111_jpg.rf.1PdQojT423e4gXOhcKqE.jpg,,False
train_0014,data set/Data_train,111_jpg.rf.JVLjY2dZ7dhq02Up4wKK.jpg,,False
train_0015,data set/Data_train,112_jpg.rf.hx6KRaDs61QlDUfj2rrZ.jpg,,False
train_0016,data set/Data_train,112_jpg.rf.vBO5PtvKDZ85oYBCMHWb.jpg,,False
train_0017,data set/Data_train,113_jpg.rf.v1jFpX0vawrbAEPOi41J.jpg,,False
train_0018,data set/Data_train,114_jpg.rf.XBFwZ3rk7pf7CJJ2NL0d.jpg,,False
train_0019,data set/Data_train,115_jpg.rf.MLv9zfoj4I1ZZlMQ2whN.jpg,,False
train_0020,data set/Data_train,115_jpg.rf.oQSykOhzhg0JK43ZBt1X.jpg,,False
train_0021,data set/Data_train,116_jpg.rf.elsYxycWmqmYUSui8xXc.jpg,,False
train_0022,data set/Data_train,116_jpg.rf.XRFkoomhbVV3XOXw1rZO.jpg,,False
train_0023,data set/Data_train,117_jpg.rf.k3Sqg4SsYkFfv9fYtL9G.jpg,,False
train_0024,data set/Data_train,117_jpg.rf.Mfok43OTRmMwznFwnWRZ.jpg,,False
train_0025,data set/Data_train,118_jpg.rf.joQlzOlcAfJo3ed23EDm.jpg,,False
train_0026,data set/Data_train,118_jpg.rf.wbxCbQ4JUtyec7KJLh4i.jpg,,False
train_0027,data set/Data_train,119_jpg.rf.c3qKseGjhTB6M4qqX9Tw.jpg,,False
train_0028,data set/Data_train,119_jpg.rf.LQ4bgbLgxzH5XpupGSCq.jpg,,False
train_0029,data set/Data_train,11_jpg.rf.zEXMWjzub4jdq1N6xLSg.jpg,,False
train_0030,data set/Data_train,120_jpg.rf.at1MEouQFpblO3gCnJEN.jpg,,False
train_0031,data set/Data_train,120_jpg.rf.GCC6Iwh8hUJZRBVEeTAC.jpg,,False
train_0032,data set/Data_train,120_jpg.rf.NdMPZyvpCmCCSGdla70b.jpg,,False
train_0033,data set/Data_train,121_jpg.rf.0vzhYkLLrZwcqgUfirSx.jpg,,False
train_0034,data set/Data_train,121_jpg.rf.xj2WFuKLXgBAGe7t3rt5.jpg,,False
train_0035,data set/Data_train,122_jpg.rf.SSVF2KxEl1bbXotxsT6t.jpg,,False
train_0036,data set/Data_train,122_jpg.rf.Y7FXDxKzPrjliV7QSOS4.jpg,,False
train_0037,data set/Data_train,123_jpg.rf.Op5vIZ4bK8Ec29XJEXxv.jpg,,False
train_0038,data set/Data_train,123_jpg.rf.s0cgacKlymGO0e0ZYWql.jpg,,False
train_0039,data set/Data_train,124_jpg.rf.K7BrU7WQShdNBz4RXA9A.jpg,,False
train_0040,data set/Data_train,124_jpg.rf.xZ7Xj6uGRfDzm8ETXJfO.jpg,,False
train_0041,data set/Data_train,125_jpg.rf.kEUqEKSwUQ0qpPBjTeid.jpg,,False
train_0042,data set/Data_train,125_jpg.rf.yufX7vEdlPgESeb8CoPt.jpg,,False
train_0043,data set/Data_train,126_jpg.rf.jzgEtA0oPWy133pYY9x5.jpg,,False
train_0044,data set/Data_train,127_jpg.rf.jbL2h6nGeLLlts3GaeoU.jpg,,False
train_0045,data set/Data_train,127_jpg.rf.Zgs2ZHHAYuaJgXe2f0jL.jpg,,False
train_0046,data set/Data_train,128_jpg.rf.2UYGvKv8DWqbwYdu2dCW.jpg,,False
train_0047,data set/Data_train,128_jpg.rf.iW8sUpPY8fCfe1vzU56Y.jpg,,False
train_0048,data set/Data_train,129_jpg.rf.WhxBQuVtaV1pGAxh1uCn.jpg,,False
train_0049,data set/Data_train,12_jpg.rf.bXosK0gbTDgTthxHagI4.jpg,,False
train_0050,data set/Data_train,12_jpg.rf.PmzXGlQbQyt9T1k6ocDl.jpg,,False
train_0051,data set/Data_train,130_jpg.rf.0oEqEnTqGc0oUaAIIl5V.jpg,,False
train_0052,data set/Data_train,130_jpg.rf.ANJAuJxwR4mut7zNzHc0.jpg,,False
train_0053,data set/Data_train,131_jpg.rf.nnehjmPjk2R5R8DjtS4u.jpg,,False
train_0054,data set/Data_train,132_jpg.rf.t9WUz3jjNUpfB97smuzO.jpg,,False
train_0055,data set/Data_train,133_jpg.rf.yTLrv2TNF0CdCUjQnmup.jpg,,False
train_0056,data set/Data_train,133jpg_jpg.rf.G8OLtQsq4mQp2zoQrMe4.jpg,,False
train_0057,data set/Data_train,134_jpg.rf.2XenLCIh3KMN0tuN0gj4.jpg,,False
train_0058,data set/Data_train,134_jpg.rf.B2XhuiR39kRn2ooPMgPz.jpg,,False
train_0059,data set/Data_train,135_jpg.rf.7oTLKu45FYzGPQff3hBC.jpg,,False
train_0060,data set/Data_train,136_jpg.rf.WbRLv6mooUKbLrsUhsmA.jpg,,False
train_0061,data set/Data_train,137_jpg.rf.ARd2pAEdfTsxGCfpkDN2.jpg,,False
train_0062,data set/Data_train,138_jpg.rf.CIWd1EovwAEvWBjD70J2.jpg,,False
train_0063,data set/Data_train,138_jpg.rf.QaQmbeldv8ef7GGqjKJ0.jpg,,False
train_0064,data set/Data_train,139_jpg.rf.fZrCuHrqgREfEeDUcC1z.jpg,,False
train_0065,data set/Data_train,13_jpg.rf.5h1FSgAd28vkX1IZ8IW4.jpg,,False
train_0066,data set/Data_train,13_jpg.rf.zs2gdxtdxwHZBPjijTOg.jpg,,False
train_0067,data set/Data_train,140_jpg.rf.vLOW6acx6A9dHJ5jZ2Rk.jpg,,False
train_0068,data set/Data_train,141_jpg.rf.Oae0GnACdtqLi2Yqn8f8.jpg,,False
train_0069,data set/Data_train,142_jpg.rf.I3tGC4toU3CwtkBN8Gfu.jpg,,False
train_0070,data set/Data_train,142_jpg.rf.RNjdzPxkq6yDViZ0JWcd.jpg,,False
train_0071,data set/Data_train,143_jpg.rf.BHnzVtAzKorByaKAfGIn.jpg,,False
train_0072,data set/Data_train,143_jpg.rf.ZCSQks3IlwP3B5wqtORf.jpg,,False
train_0073,data set/Data_train,144_jpg.rf.yh9cLwBAaCgStqCnPaE4.jpg,,False
train_0074,data set/Data_train,145_jpg.rf.8L6fWCvFg6TBAA8XbYVj.jpg,,False
train_0075,data set/Data_train,145_jpg.rf.TpNw0O6EbtVLbSVm37Sh.jpg,,False
train_0076,data set/Data_train,146_jpg.rf.PZJMicBCopQPYIyKqbvJ.jpg,,False
train_0077,data set/Data_train,146_jpg.rf.slzoDglxga9MIq4DwZuN.jpg,,False
train_0078,data set/Data_train,147_jpg.rf.nrba6JW6MRJ7ceE98zKH.jpg,,False
train_0079,data set/Data_train,148_jpg.rf.imx1EBfDRdhMLOMPjFp1.jpg,,False
train_0080,data set/Data_train,148_jpg.rf.t3oQzQTU509tUf5FcV1L.jpg,,False
train_0081,data set/Data_train,148_jpg.rf.TzpzE8nXNKU3lEad387t.jpg,,False
train_0082,data set/Data_train,149_jpg.rf.MrsorCRSv4gWDuF84NhT.jpg,,False
train_0083,data set/Data_train,149_jpg.rf.nyJEjecCDct7QTOdW4EJ.jpg,,False
train_0084,data set/Data_train,14_jpg.rf.LuYuwjJ855NKv45JZJNF.jpg,,False
train_0085,data set/Data_train,150_jpg.rf.2inhjljUgwzKcWxMYgzp.jpg,,False
train_0086,data set/Data_train,150_jpg.rf.NJSzJDIpiuk7DsbkI0Nn.jpg,,False
train_0087,data set/Data_train,151_jpg.rf.47MZ91CJL7f30XbYJ5ff.jpg,,False
train_0088,data set/Data_train,151_jpg.rf.v8C8YY36DU12OkIri7U1.jpg,,False
train_0089,data set/Data_train,152_jpg.rf.Hvi6TXU8HqIPFsTkXgio.jpg,,False
train_0090,data set/Data_train,153_jpg.rf.XHJhoLU8tPdhBJC1ZGHL.jpg,,False
train_0091,data set/Data_train,154_jpg.rf.HuH7z9UY4sznXr8XQQTk.jpg,,False
train_0092,data set/Data_train,154_jpg.rf.JnhVFhCQlv8zLX0RHV25.jpg,,False
train_0093,data set/Data_train,155_jpg.rf.iyqvqvCc7324lwLcw40W.jpg,,False
train_0094,data set/Data_train,155_jpg.rf.UnW7KTWsXK0qj2z2Dkvl.jpg,,False
train_0095,data set/Data_train,156_jpg.rf.xyzOOyzCNrAZTJfl3oOM.jpg,,False
train_0096,data set/Data_train,157_jpg.rf.iZxMHP74FZPyMI9xP4ll.jpg,,False
train_0097,data set/Data_train,158_jpg.rf.DQYBOtaEIMPpBUnhqGu8.jpg,,False
train_0098,data set/Data_train,159_jpg.rf.Ff45uyooW059bZENUP4f.jpg,,False
train_0099,data set/Data_train,15_jpg.rf.cjVHcq4CaqPqFHr9cijd.jpg,,False
train_0100,data set/Data_train,160_jpg.rf.jm80LTMjG2PYx3YXaDaC.jpg,,False
train_0101,data set/Data_train,161_jpg.rf.CG1Uy1VjNPbZKseCXz7d.jpg,,False
train_0102,data set/Data_train,161_jpg.rf.s13LyvZqKKHmRequ18UP.jpg,,False
train_0103,data set/Data_train,162_jpg.rf.Sykiyv8WEzV5twKHnKGE.jpg,,False
train_0104,data set/Data_train,163_jpg.rf.DtKMlwOvGMypgt5KbhnS.jpg,,False
train_0105,data set/Data_train,163_jpg.rf.s9SJBgxMtmwNZJ1deuqC.jpg,,False
train_0106,data set/Data_train,164_jpg.rf.P9WXjXyNjpwye8ERCtYe.jpg,,False
train_0107,data set/Data_train,165_jpg.rf.KhaeGNP5J5MFVzv20U0t.jpg,,False
train_0108,data set/Data_train,166_jpg.rf.dxXDJPaah13IMCyQvhi2.jpg,,False
train_0109,data set/Data_train,167_jpg.rf.EdonNhYcZWP2eHEtEDal.jpg,,False
train_0110,data set/Data_train,168_jpg.rf.ZHdsEfU7TzBFbqR1lu0P.jpg,,False
train_0111,data set/Data_train,169_jpg.rf.TxeazVozjY7FKm2HgO5S.jpg,,False
train_0112,data set/Data_train,16_jpg.rf.l6oWfPuoXZU63dZombW3.jpg,,False
train_0113,data set/Data_train,170_jpg.rf.Gxgv1eFIyjrDBshElEsA.jpg,,False
train_0114,data set/Data_train,170_jpg.rf.U44WnXEItb8mrQ9ctn2K.jpg,,False
train_0115,data set/Data_train,171_jpg.rf.rflL3OcSwF8X76J8y5T6.jpg,,False
train_0116,data set/Data_train,172_jpg.rf.L6GPNmKM9Ei7dINc0HAG.jpg,,False
train_0117,data set/Data_train,172_jpg.rf.RpNr73ACOp3jzDI92lAI.jpg,,False
train_0118,data set/Data_train,172_jpg.rf.XqLKXtHL5cypKcjHyTkh.jpg,,False
train_0119,data set/Data_train,173_jpg.rf.UH30YittpYPFDpO0vNLg.jpg,,False
train_0120,data set/Data_train,174_jpg.rf.bF3PTLniCVcbv6iNsfzy.jpg,,False
train_0121,data set/Data_train,175_jpg.rf.f0BqyUz8t6NjAE7GGrOw.jpg,,False
train_0122,data set/Data_train,175_jpg.rf.serSDZEm1APNY3n3ANxj.jpg,,False
train_0123,data set/Data_train,176_jpg.rf.Yy4r0m2drX4QMjXpOseS.jpg,,False
train_0124,data set/Data_train,177_jpg.rf.9dIdh7RJknGCbQpVZhJl.jpg,,False
train_0125,data set/Data_train,177_jpg.rf.FF0djvQ1bc5K2U5mLRek.jpg,,False
train_0126,data set/Data_train,178_jpg.rf.6RXSnaOWF9r2BtTuqmes.jpg,,False
train_0127,data set/Data_train,179_jpg.rf.r3P04EwezFFTHyTDaQzn.jpg,,False
train_0128,data set/Data_train,17_jpg.rf.ErmQTOdXDjdqSWwnuls9.jpg,,False
train_0129,data set/Data_train,180_jpg.rf.iEsVLQcnhg3Q0JBVq6tf.jpg,,False
train_0130,data set/Data_train,180_jpg.rf.MBV4hArYcwdO1evut4dy.jpg,,False
train_0131,data set/Data_train,181_jpg.rf.14LLlH4Kv4ilE8WTKBE9.jpg,,False
train_0132,data set/Data_train,182_jpg.rf.p4r1kKnerl8QDZLemlu1.jpg,,False
train_0133,data set/Data_train,183_jpg.rf.PwFYdzFujd17AkBrrB5m.jpg,,False
train_0134,data set/Data_train,184_jpg.rf.cEWuTgwqF4ikj5vg52EC.jpg,,False
train_0135,data set/Data_train,185_jpg.rf.h7vuQFzWx8LsrKDkjrZW.jpg,,False
train_0136,data set/Data_train,186_jpg.rf.3LiZl0y5Gz17RCx08GfF.jpg,,False
train_0137,data set/Data_train,187_jpg.rf.0YqOibKwD10uHaPPoUnk.jpg,,False
train_0138,data set/Data_train,188_jpg.rf.iwb3BMFuKvOtpPt2dMmt.jpg,,False
train_0139,data set/Data_train,189_jpg.rf.KU6jcqv455anpxCdZ1d8.jpg,,False
train_0140,data set/Data_train,18_jpg.rf.8Ue9ClKI5OQ190wcW59U.jpg,,False
train_0141,data set/Data_train,18_jpg.rf.dUUj5QuMXB9KfjtwAQL2.jpg,,False
train_0142,data set/Data_train,190_jpg.rf.OBvC0TAlj4QeFgP6vxF7.jpg,,False
train_0143,data set/Data_train,190_jpg.rf.Z5WthvHjjb40WNBTg4bc.jpg,,False
train_0144,data set/Data_train,195_jpg.rf.DdugL8F2zCWN4g8yzc5a.jpg,,False
train_0145,data set/Data_train,196_jpg.rf.AilFvjJ6KQxRBjeuC0y4.jpg,,False
train_0146,data set/Data_train,197_jpg.rf.RCRRpYgtWyAnRqROZWJS.jpg,,False
train_0147,data set/Data_train,199_jpg.rf.p5kYqJLlm7aBBi9GGAHR.jpg,,False
train_0148,data set/Data_train,19_jpg.rf.miUXpkiwfvAQzEohgT1x.jpg,,False
train_0149,data set/Data_train,1_jpg.rf.j9WxO5JWa21EoNDShRT3.jpg,,False
train_0150,data set/Data_train,200_jpg.rf.fpkFZXUx7DJyLVDttOxK.jpg,,False
train_0151,data set/Data_train,202_jpg.rf.RwnE8ixLBEEGqp5Q2QbK.jpg,,False
train_0152,data set/Data_train,203_jpg.rf.VR9DjUsInF6tJsokWmOE.jpg,,False
train_0153,data set/Data_train,204_jpg.rf.Z46uGD5sdtROBRBW6wnn.jpg,,False
train_0154,data set/Data_train,205_jpg.rf.4VsbHkehBQGO4mt0F8Ze.jpg,,False
train_0155,data set/Data_train,206_jpg.rf.P8fDbyrJeoVgmBtGw5Xn.jpg,,False
train_0156,data set/Data_train,209_jpg.rf.af6sFft8QOYlt0hprmqg.jpg,,False
train_0157,data set/Data_train,20_jpg.rf.uWnvJk2th5oPVVgFZG2p.jpg,,False
train_0158,data set/Data_train,210_jpg.rf.fHZdZ5upWuJzlaR10vaW.jpg,,False
train_0159,data set/Data_train,211_jpg.rf.Uflj3MDTbD4bu7VyE4cm.jpg,,False
train_0160,data set/Data_train,213_jpg.rf.4zgH1J5hNn2k9MZ6wKfF.jpg,,False
train_0161,data set/Data_train,215_jpg.rf.Zooi889XKQc3oGS5F0ds.jpg,,False
train_0162,data set/Data_train,21_jpg.rf.IUwHSwFpvA8NdquhNTKQ.jpg,,False
train_0163,data set/Data_train,21_jpg.rf.R4OCHGfKVIJekSxfpjZc.jpg,,False
train_0164,data set/Data_train,224_jpg.rf.FQ3SGmK4MRFRWRbLI8Ew.jpg,,False
train_0165,data set/Data_train,224_jpg.rf.MvDJcyZI6KGgClHnTfIB.jpg,,False
train_0166,data set/Data_train,225_jpg.rf.BYXztIx1AGrYtBHZIz4f.jpg,,False
train_0167,data set/Data_train,226_jpg.rf.v5LGOVeXhDXLaoASrZrn.jpg,,False
train_0168,data set/Data_train,227_jpg.rf.OEjaysCtbiHFmhx334um.jpg,,False
train_0169,data set/Data_train,229_jpg.rf.d9hxFn2Iyuyu0x3lKqz4.jpg,,False
train_0170,data set/Data_train,22_jpg.rf.e66FYJQZxzC5cJBiprXl.jpg,,False
train_0171,data set/Data_train,22_jpg.rf.Lhr7wto4XyGVLnQBBcbL.jpg,,False
train_0172,data set/Data_train,231_jpg.rf.IG52vemvwFco6UhUTxCa.jpg,,False
train_0173,data set/Data_train,232_jpg.rf.cWW9V2Zb15VIordVgXCW.jpg,,False
train_0174,data set/Data_train,234_jpg.rf.ptTAq8G22hbiPTEqohoC.jpg,,False
train_0175,data set/Data_train,236_jpg.rf.uQq4PBjStRXSFUZzdeA3.jpg,,False
train_0176,data set/Data_train,236_jpg.rf.wqrtzgpVLKjnWI5vL8jU.jpg,,False
train_0177,data set/Data_train,237_jpg.rf.23IKeul7xTIhI0oco2jp.jpg,,False
train_0178,data set/Data_train,237_jpg.rf.rX5y5CXrWZaia9kLbWpt.jpg,,False
train_0179,data set/Data_train,238_jpg.rf.7JzLQP0WujDHoM2bb5MY.jpg,,False
train_0180,data set/Data_train,239_jpg.rf.y79RCDMUE7uzX60eZAl8.jpg,,False
train_0181,data set/Data_train,23_jpg.rf.nxKbSRiNbWylCB0PsQDm.jpg,,False
train_0182,data set/Data_train,23_jpg.rf.YqUlVCuW8raj9eq9auBv.jpg,,False
train_0183,data set/Data_train,240_jpg.rf.paFucoyEjLNV5xF94LoT.jpg,,False
train_0184,data set/Data_train,241_jpg.rf.EM0husfs09pPFKg1fXRR.jpg,,False
train_0185,data set/Data_train,249_jpg.rf.iI2eLuQzQyExqnRdtXeF.jpg,,False
train_0186,data set/Data_train,24_jpg.rf.3oB7FVhtnm9IiB2i6Iv9.jpg,,False
train_0187,data set/Data_train,251_jpg.rf.WWJ5xnyMTKG7nMuSWesq.jpg,,False
train_0188,data set/Data_train,252_jpg.rf.XdUUPMIFxqPacsHLfmZq.jpg,,False
train_0189,data set/Data_train,253_jpg.rf.L5CbKdgDqI6EtmuYpUgJ.jpg,,False
train_0190,data set/Data_train,255_jpg.rf.8xsyUAK1EXwKG76KZ12M.jpg,,False
train_0191,data set/Data_train,256_jpg.rf.dh3ICJyMIiHCkQ6UnC1t.jpg,,False
train_0192,data set/Data_train,25_jpg.rf.YdItq0XeLQoXS7oHmItp.jpg,,False
train_0193,data set/Data_train,260_jpg.rf.W5KfH8ywjZQ4cW5FWvxe.jpg,,False
train_0194,data set/Data_train,261_jpg.rf.VKugaA1aMpZDBNyo3EEQ.jpg,,False
train_0195,data set/Data_train,262_jpg.rf.Eozgl5PsKa16QY8PWf11.jpg,,False
train_0196,data set/Data_train,263_jpg.rf.hg9nx4WK0686woUSF7Uc.jpg,,False
train_0197,data set/Data_train,264_jpg.rf.KIscanexAoq61Ts99M7s.jpg,,False
train_0198,data set/Data_train,267_jpg.rf.gaCBE4wbwchHVAvIU3sk.jpg,,False
train_0199,data set/Data_train,268_jpg.rf.b0pAFsqwn5DvPLVy5NO6.jpg,,False
train_0200,data set/Data_train,26_jpg.rf.K4IQ538cBB8w1qArxEsM.jpg,,False
train_0201,data set/Data_train,270_jpg.rf.Ar0asWU96X6igF23VGqq.jpg,,False
train_0202,data set/Data_train,271_jpg.rf.lc2w7U202HTqPQHVY3w5.jpg,,False
train_0203,data set/Data_train,273_jpg.rf.rsbw2ntbZC8t3U3dj17K.jpg,,False
train_0204,data set/Data_train,275_jpg.rf.kBrzCq2sDaCxUm2iGU9q.jpg,,False
train_0205,data set/Data_train,277_jpg.rf.8VaGKiPjjZbAV7eCjnMo.jpg,,False
train_0206,data set/Data_train,27_jpg.rf.2L4EQCrDObgBuMzJcS4j.jpg,,False
train_0207,data set/Data_train,280_jpg.rf.8jQWnH4mx5WgNBaDu1Ks.jpg,,False
train_0208,data set/Data_train,281_jpg.rf.L1l41sbw8M7UgkwCiVxh.jpg,,False
train_0209,data set/Data_train,28_jpg.rf.yckZZ4Y3NHIiE6EeWDof.jpg,,False
train_0210,data set/Data_train,290_jpg.rf.nM24gpQOFRDzASnJg6fH.jpg,,False
train_0211,data set/Data_train,29_jpg.rf.GX9TxaoHXJIIaPTpp1L8.jpg,,False
train_0212,data set/Data_train,29_jpg.rf.hwqPnyU1M6g9b4r4ZVwa.jpg,,False
train_0213,data set/Data_train,309_jpg.rf.mtLxaGTewqdVcYu8KVPy.jpg,,False
train_0214,data set/Data_train,30_jpg.rf.aBnHJFgaj0Zw6ESn4odC.jpg,,False
train_0215,data set/Data_train,314_jpg.rf.3HJBhxWP2u0b8WNibAub.jpg,,False
train_0216,data set/Data_train,314_jpg.rf.UOo616EhNr1arlkVy6pT.jpg,,False
train_0217,data set/Data_train,316_jpg.rf.4oNSuebmWSaSaHOS6306.jpg,,False
train_0218,data set/Data_train,319_jpg.rf.H5QxVjla5sD5Rg9f0AT5.jpg,,False
train_0219,data set/Data_train,31_jpg.rf.oX4lhIcug5Kwm6TCgWPe.jpg,,False
train_0220,data set/Data_train,322_jpg.rf.xaxYWyvhWmnqBD5bb36y.jpg,,False
train_0221,data set/Data_train,325_jpg.rf.2rGwrvwpjBvFv3T3NuSh.jpg,,False
train_0222,data set/Data_train,32_jpg.rf.EFODRKiHdgETh9IN6Qij.jpg,,False
train_0223,data set/Data_train,333_jpg.rf.Pazr0Hd0C8Ih18XsvGQX.jpg,,False
train_0224,data set/Data_train,334_jpg.rf.G4Foi7ToeiO8DrIOFCoR.jpg,,False
train_0225,data set/Data_train,335_jpg.rf.VSc3QvV4LiGTkYpWY8J5.jpg,,False
train_0226,data set/Data_train,336_jpg.rf.l6EGbSKw46IMKoKuknjp.jpg,,False
train_0227,data set/Data_train,33_jpg.rf.Vxt2XHnhpAkisL8n5k5h.jpg,,False
train_0228,data set/Data_train,34_jpg.rf.fiYtX6yoD73Kc9d6zZVW.jpg,,False
train_0229,data set/Data_train,35_jpg.rf.rxztBb7D8sZR3PErdeUY.jpg,,False
train_0230,data set/Data_train,375_jpg.rf.BLrFKpqrdSFK4Q3BNccc.jpg,,False
train_0231,data set/Data_train,389_jpg.rf.7d3cdMnnG6zhIJLxuKAB.jpg,,False
train_0232,data set/Data_train,38_jpg.rf.qhOkFOi9AgaJaTrJr9Mw.jpg,,False
train_0233,data set/Data_train,38_jpg.rf.Z7hAILmQxetsz8LDVTpi.jpg,,False
train_0234,data set/Data_train,396_jpg.rf.cilEfUTMwPK07063SDH0.jpg,,False
train_0235,data set/Data_train,3_jpg.rf.QArFeqQ6v9m2CRs9XZjm.jpg,,False
train_0236,data set/Data_train,41_jpg.rf.k4vBVFfQpOdyIsqd3mCz.jpg,,False
train_0237,data set/Data_train,42_jpg.rf.W8Npjron5qYORvc1SsDk.jpg,,False
train_0238,data set/Data_train,42_jpg.rf.z7frOxcC8urmPnpxvzjb.jpg,,False
train_0239,data set/Data_train,43_jpg.rf.60YwM7raRUelPWEty02v.jpg,,False
train_0240,data set/Data_train,44_jpg.rf.OrHGTFtDTO2i94ZeYUlZ.jpg,,False
train_0241,data set/Data_train,45_jpg.rf.MMWvsIcVmSDaFyNofCqQ.jpg,,False
train_0242,data set/Data_train,46_jpg.rf.oKUB9c3MnnrfVqrHil9g.jpg,,False
train_0243,data set/Data_train,470_jpg.rf.Q4Y48UeeNTunXxlXiHwC.jpg,,False
train_0244,data set/Data_train,47_jpg.rf.Bhb0yLOorNaEcniupN2m.jpg,,False
train_0245,data set/Data_train,47_jpg.rf.ESBMc9kB6BzwEnMRrDqX.jpg,,False
train_0246,data set/Data_train,48_jpg.rf.0j0yaPlfhUgKM6GjxgDt.jpg,,False
train_0247,data set/Data_train,49_jpg.rf.YrbntMefDjr6mUyeoZ1r.jpg,,False
train_0248,data set/Data_train,504_jpg.rf.1gPhL3OafGB82Bnkw07Z.jpg,,False
train_0249,data set/Data_train,50_jpg.rf.9ZFqoVKOCjP6pa9D3tHA.jpg,,False
train_0250,data set/Data_train,50_jpg.rf.AiCRGz3edgO7di7KC0VZ.jpg,,False
train_0251,data set/Data_train,51_jpg.rf.d9igQyAvFNWBa3ol4qnl.jpg,,False
train_0252,data set/Data_train,51_jpg.rf.RUhSxVm2mhhIFkpM3Ff8.jpg,,False
train_0253,data set/Data_train,52_jpg.rf.83z9smu95Fxgyry8bzt1.jpg,,False
train_0254,data set/Data_train,53_jpg.rf.GViJfGfmFeCH6H0DxHwF.jpg,,False
train_0255,data set/Data_train,53_jpg.rf.ZgvZFQZpDfOV13XJKCR7.jpg,,False
train_0256,data set/Data_train,54_jpg.rf.1z86PG27bFhoq0Hc96su.jpg,,False
train_0257,data set/Data_train,54_jpg.rf.hDzYTtPzZ2avrtws6FCA.jpg,,False
train_0258,data set/Data_train,56_jpg.rf.aHM5ptHqJPwdS7LClBtQ.jpg,,False
train_0259,data set/Data_train,57_jpg.rf.cv2DG9UVBiE0GbOtRYFV.jpg,,False
train_0260,data set/Data_train,57_jpg.rf.zuphr7fATcY6PNLexbEp.jpg,,False
train_0261,data set/Data_train,58_jpg.rf.PkZlRW8RYCkuHm1byh6m.jpg,,False
train_0262,data set/Data_train,60_jpg.rf.2APjq5glECXtXYFpdjmG.jpg,,False
train_0263,data set/Data_train,60_jpg.rf.gGAL92Nn6WJIkvJQyEjo.jpg,,False
train_0264,data set/Data_train,60_jpg.rf.QuRep4TbtEiN6a8lB7dh.jpg,,False
train_0265,data set/Data_train,61_jpg.rf.cSA5TVpE35TtpMr5f1zK.jpg,,False
train_0266,data set/Data_train,61_jpg.rf.mXCHH5V8gTm3s06WlJtd.jpg,,False
train_0267,data set/Data_train,62_jpg.rf.CBqVbMDqE8DFXg7OexjQ.jpg,,False
train_0268,data set/Data_train,62_jpg.rf.GIHoXQzbuBcevgixVmij.jpg,,False
train_0269,data set/Data_train,63_jpg.rf.1degjLYfb6icIw9DdzAQ.jpg,,False
train_0270,data set/Data_train,63_jpg.rf.6IWl7ekdYdGIwjwbpuOy.jpg,,False
train_0271,data set/Data_train,64_jpg.rf.HNvFoGzJXrZCjOnLHY3X.jpg,,False
train_0272,data set/Data_train,64_jpg.rf.pGKjd2f8Gk70KjP6RyDk.jpg,,False
train_0273,data set/Data_train,65_jpg.rf.9nDoqNNFDmcbqNfODPPp.jpg,,False
train_0274,data set/Data_train,66_jpg.rf.JkbUfaAR4OAPB6bDgh29.jpg,,False
train_0275,data set/Data_train,66_jpg.rf.miVPy0cCmqVV1HC56Rqr.jpg,,False
train_0276,data set/Data_train,67_jpg.rf.5Qilcsv4jOFbBvVNsTra.jpg,,False
train_0277,data set/Data_train,67_jpg.rf.9S1dYmbBqUWzgulZ44RU.jpg,,False
train_0278,data set/Data_train,67_jpg.rf.VQnKgbZPVaNoXwNDcbLr.jpg,,False
train_0279,data set/Data_train,683_jpg.rf.0HX1POojvuRquBclgN3U.jpg,,False
train_0280,data set/Data_train,685_jpg.rf.SqeT3REKUbCb773P6IP7.jpg,,False
train_0281,data set/Data_train,68_jpg.rf.0rWAfo2f1FCLdlD5T5jI.jpg,,False
train_0282,data set/Data_train,69_jpg.rf.2GwcJQEk5IBhzCOJlhAh.jpg,,False
train_0283,data set/Data_train,69_jpg.rf.tksPdtj94juO1P1wRoca.jpg,,False
train_0284,data set/Data_train,70_jpg.rf.bvdrL7XLj2i0MnMq2VyL.jpg,,False
train_0285,data set/Data_train,71_jpg.rf.nPWaIN0sjMQsTS6E128i.jpg,,False
train_0286,data set/Data_train,72_jpg.rf.tbI0Tacp7VtwynbcOJNm.jpg,,False
train_0287,data set/Data_train,73_jpg.rf.x0s8OFche9t9NRNZi1Tj.jpg,,False
train_0288,data set/Data_train,74_jpg.rf.aOEETOvAiIghCWPLyyiQ.jpg,,False
train_0289,data set/Data_train,74_jpg.rf.w3SzUNse2eUamCy0ImEC.jpg,,False
train_0290,data set/Data_train,75_jpg.rf.3W27ihzVDU92Te01ywbe.jpg,,False
train_0291,data set/Data_train,76_jpg.rf.FlanJj3tJzyqRYhFcn1S.jpg,,False
train_0292,data set/Data_train,76_jpg.rf.FOZrTNT3VYl1kt0KpXKG.jpg,,False
train_0293,data set/Data_train,76_jpg.rf.vC9r0CJJTE6U2I8whlUD.jpg,,False
train_0294,data set/Data_train,77_jpg.rf.uU0yUix9Ped6DiALmVyh.jpg,,False
train_0295,data set/Data_train,77_jpg.rf.Z7j4TZfxaZ7rzGCMPWJk.jpg,,False
train_0296,data set/Data_train,78_jpg.rf.d8MorItwzn1vmFMEGrOC.jpg,,False
train_0297,data set/Data_train,78_jpg.rf.IQqkMmgabjdBsUib04s2.jpg,,False
train_0298,data set/Data_train,79_jpg.rf.6dMKZyeXpyYm2wxHjRjY.jpg,,False
train_0299,data set/Data_train,79_jpg.rf.uxFFIjRTmBMGllhQF8Gm.jpg,,False
train_0300,data set/Data_train,7_jpg.rf.Ol3VcFlrfrHHj1WEPjBk.jpg,,False
train_0301,data set/Data_train,80_jpg.rf.Ja3Mghp2ssYP9HtHyH6O.jpg,,False
train_0302,data set/Data_train,80_jpg.rf.LF9kkNiM39gtoNwcVZrt.jpg,,False
train_0303,data set/Data_train,81_jpg.rf.shNKnmKF5JqIuQBRLrE7.jpg,,False
train_0304,data set/Data_train,81_jpg.rf.xVh3zp7hl7xeLhQSsijV.jpg,,False
train_0305,data set/Data_train,82_jpg.rf.7iaexPfyPt5tFGWjZfkR.jpg,,False
train_0306,data set/Data_train,82_jpg.rf.ckjJRLR79hPkw7B0Ypc2.jpg,,False
train_0307,data set/Data_train,82_jpg.rf.GfpuGbem1D5Oc2mKISj6.jpg,,False
train_0308,data set/Data_train,83_jpg.rf.7hAESrXzVGfRMCxyuUno.jpg,,False
train_0309,data set/Data_train,83_jpg.rf.jL3DcoXFtYPcMjIaZnvZ.jpg,,False
train_0310,data set/Data_train,84_jpg.rf.GjHSxFvj3jYcL4R04xbw.jpg,,False
train_0311,data set/Data_train,84_jpg.rf.SztiGAKR99eCZm5OouWy.jpg,,False
train_0312,data set/Data_train,85_jpg.rf.kSAuDn5xqoTnX2QRDKeS.jpg,,False
train_0313,data set/Data_train,85_jpg.rf.uVTv21zq0hjLOG55ahuY.jpg,,False
train_0314,data set/Data_train,86_jpg.rf.XYLifU4NknEwoQZFVaF9.jpg,,False
train_0315,data set/Data_train,87_jpg.rf.HouoBrbwMPQLLzdpfN2P.jpg,,False
train_0316,data set/Data_train,87_jpg.rf.Rm0RzfoItcOcMcMJipUM.jpg,,False
train_0317,data set/Data_train,87_jpg.rf.V0rSjsbHfRybKCSPjzq9.jpg,,False
train_0318,data set/Data_train,88_jpg.rf.CtB8QjuWjEAku0zHADqQ.jpg,,False
train_0319,data set/Data_train,88_jpg.rf.hBh97g6026Yap1d3t74c.jpg,,False
train_0320,data set/Data_train,88_jpg.rf.zLrwImuacjBYWI51I7C6.jpg,,False
train_0321,data set/Data_train,89_jpg.rf.4ej3Dsopa62936SzRmYw.jpg,,False
train_0322,data set/Data_train,89_jpg.rf.cKGT46kU63jdCjEe8NFW.jpg,,False
train_0323,data set/Data_train,8_jpg.rf.ncTE0eEFtcQrKaLo0GvE.jpg,,False
train_0324,data set/Data_train,90_jpg.rf.8MnZPXKJqFMEOKVqj33D.jpg,,False
train_0325,data set/Data_train,91_jpg.rf.S0hHbu2U1gpfa5MR81Xc.jpg,,False
train_0326,data set/Data_train,92_jpg.rf.unorzg0UvwCz478iwY95.jpg,,False
train_0327,data set/Data_train,93_jpg.rf.2Dnd9NAowfoeKTu9AHrP.jpg,,False
train_0328,data set/Data_train,93_jpg.rf.8Y6GNU1WTekPryAyvrtc.jpg,,False
train_0329,data set/Data_train,93_jpg.rf.DPIavjMp7ZT701OfTOmm.jpg,,False
train_0330,data set/Data_train,94_jpg.rf.qTei0Co2yDWO8XUOSevD.jpg,,False
train_0331,data set/Data_train,94_jpg.rf.zpobyPWGRspbMkeEFSkR.jpg,,False
train_0332,data set/Data_train,95_jpg.rf.4G5PE6mLYMXX1M6kYKwt.jpg,,False
train_0333,data set/Data_train,96_jpg.rf.8qJgKZPtkvytYQ23HOqY.jpg,,False
train_0334,data set/Data_train,96_jpg.rf.rQ56nHQi8MxkRv0YKNzC.jpg,,False
train_0335,data set/Data_train,97_jpg.rf.9pSw3gdEjWjoLHxfOJ3n.jpg,,False
train_0336,data set/Data_train,97_jpg.rf.xFrOz30h9eXKPrAqQMSI.jpg,,False
train_0337,data set/Data_train,98_jpg.rf.8xsfpto1zR5FwjuL8MuE.jpg,,False
train_0338,data set/Data_train,98_jpg.rf.cFzUsRMOx8HCHeNxF5Mr.jpg,,False
train_0339,data set/Data_train,99_jpg.rf.mrJSTunk5a0CRpJGcABi.jpg,,False
train_0340,data set/Data_train,99_jpg.rf.ymTRFEplz4tp3CHxPDGj.jpg,,False
train_0341,data set/Data_train,9_jpg.rf.Emenemd00iL0O6z0se2S.jpg,,False
