新編號,來源資料夾,原始檔名,原始完整路徑
0001,src1,100.jpg,Data_first\100.jpg
0002,src1,101.jpg,Data_first\101.jpg
0003,src1,102.jpg,Data_first\102.jpg
0004,src1,103.jpg,Data_first\103.jpg
0005,src1,106.jpg,Data_first\106.jpg
0006,src1,107.jpg,Data_first\107.jpg
0007,src1,108.jpg,Data_first\108.jpg
0008,src1,109.jpg,Data_first\109.jpg
0009,src1,11.jpg,Data_first\11.jpg
0010,src1,110.jpg,Data_first\110.jpg
0011,src1,112.jpg,Data_first\112.jpg
0012,src1,113.jpg,Data_first\113.jpg
0013,src1,114.jpg,Data_first\114.jpg
0014,src1,116.jpg,Data_first\116.jpg
0015,src1,12.jpg,Data_first\12.jpg
0016,src1,121.jpg,Data_first\121.jpg
0017,src1,122.jpg,Data_first\122.jpg
0018,src1,123.jpg,Data_first\123.jpg
0019,src1,124.jpg,Data_first\124.jpg
0020,src1,125.jpg,Data_first\125.jpg
0021,src1,127.jpg,Data_first\127.jpg
0022,src1,128.jpg,Data_first\128.jpg
0023,src1,129.jpg,Data_first\129.jpg
0024,src1,13.jpg,Data_first\13.jpg
0025,src1,130.jpg,Data_first\130.jpg
0026,src1,131.jpg,Data_first\131.jpg
0027,src1,132.jpg,Data_first\132.jpg
0028,src1,133jpg.jpg,Data_first\133jpg.jpg
0029,src1,134.jpg,Data_first\134.jpg
0030,src1,135.jpg,Data_first\135.jpg
0031,src1,137.jpg,Data_first\137.jpg
0032,src1,138.jpg,Data_first\138.jpg
0033,src1,14.jpg,Data_first\14.jpg
0034,src1,140.jpg,Data_first\140.jpg
0035,src1,141.jpg,Data_first\141.jpg
0036,src1,142.jpg,Data_first\142.jpg
0037,src1,143.jpg,Data_first\143.jpg
0038,src1,144.jpg,Data_first\144.jpg
0039,src1,146.jpg,Data_first\146.jpg
0040,src1,147.jpg,Data_first\147.jpg
0041,src1,148.jpg,Data_first\148.jpg
0042,src1,149.jpg,Data_first\149.jpg
0043,src1,15.jpg,Data_first\15.jpg
0044,src1,151.jpg,Data_first\151.jpg
0045,src1,154.jpg,Data_first\154.jpg
0046,src1,155.jpg,Data_first\155.jpg
0047,src1,156.jpg,Data_first\156.jpg
0048,src1,157.jpg,Data_first\157.jpg
0049,src1,16.jpg,Data_first\16.jpg
0050,src1,160.jpg,Data_first\160.jpg
0051,src1,161.jpg,Data_first\161.jpg
0052,src1,162.jpg,Data_first\162.jpg
0053,src1,163.jpg,Data_first\163.jpg
0054,src1,167.jpg,Data_first\167.jpg
0055,src1,169.jpg,Data_first\169.jpg
0056,src1,17.jpg,Data_first\17.jpg
0057,src1,170.jpg,Data_first\170.jpg
0058,src1,172.jpg,Data_first\172.jpg
0059,src1,173.jpg,Data_first\173.jpg
0060,src1,174.jpg,Data_first\174.jpg
0061,src1,175.jpg,Data_first\175.jpg
0062,src1,176.jpg,Data_first\176.jpg
0063,src1,177.jpg,Data_first\177.jpg
0064,src1,179.jpg,Data_first\179.jpg
0065,src1,18.jpg,Data_first\18.jpg
0066,src1,180.jpg,Data_first\180.jpg
0067,src1,181.jpg,Data_first\181.jpg
0068,src1,182.jpg,Data_first\182.jpg
0069,src1,183.jpg,Data_first\183.jpg
0070,src1,184.jpg,Data_first\184.jpg
0071,src1,185.jpg,Data_first\185.jpg
0072,src1,187.jpg,Data_first\187.jpg
0073,src1,188.jpg,Data_first\188.jpg
0074,src1,189.jpg,Data_first\189.jpg
0075,src1,190.jpg,Data_first\190.jpg
0076,src1,191.jpg,Data_first\191.jpg
0077,src1,20.jpg,Data_first\20.jpg
0078,src1,21.jpg,Data_first\21.jpg
0079,src1,22.jpg,Data_first\22.jpg
0080,src1,23.jpg,Data_first\23.jpg
0081,src1,24.jpg,Data_first\24.jpg
0082,src1,25.jpg,Data_first\25.jpg
0083,src1,26.jpg,Data_first\26.jpg
0084,src1,27.jpg,Data_first\27.jpg
0085,src1,28.jpg,Data_first\28.jpg
0086,src1,29.jpg,Data_first\29.jpg
0087,src1,31.jpg,Data_first\31.jpg
0088,src1,33.jpg,Data_first\33.jpg
0089,src1,34.jpg,Data_first\34.jpg
0090,src1,35.jpg,Data_first\35.jpg
0091,src1,36.jpg,Data_first\36.jpg
0092,src1,37.jpg,Data_first\37.jpg
0093,src1,38.jpg,Data_first\38.jpg
0094,src1,40.jpg,Data_first\40.jpg
0095,src1,41.jpg,Data_first\41.jpg
0096,src1,42.jpg,Data_first\42.jpg
0097,src1,43.jpg,Data_first\43.jpg
0098,src1,44.jpg,Data_first\44.jpg
0099,src1,45.jpg,Data_first\45.jpg
0100,src1,46.jpg,Data_first\46.jpg
0101,src1,47.jpg,Data_first\47.jpg
0102,src1,48.jpg,Data_first\48.jpg
0103,src1,50.jpg,Data_first\50.jpg
0104,src1,51.jpg,Data_first\51.jpg
0105,src1,52.jpg,Data_first\52.jpg
0106,src1,53.jpg,Data_first\53.jpg
0107,src1,54.jpg,Data_first\54.jpg
0108,src1,55.jpg,Data_first\55.jpg
0109,src1,56.jpg,Data_first\56.jpg
0110,src1,57.jpg,Data_first\57.jpg
0111,src1,58.jpg,Data_first\58.jpg
0112,src1,60.jpg,Data_first\60.jpg
0113,src1,61.jpg,Data_first\61.jpg
0114,src1,62.jpg,Data_first\62.jpg
0115,src1,63.jpg,Data_first\63.jpg
0116,src1,64.jpg,Data_first\64.jpg
0117,src1,65.jpg,Data_first\65.jpg
0118,src1,66.jpg,Data_first\66.jpg
0119,src1,67.jpg,Data_first\67.jpg
0120,src1,69.jpg,Data_first\69.jpg
0121,src1,70.jpg,Data_first\70.jpg
0122,src1,72.jpg,Data_first\72.jpg
0123,src1,75.jpg,Data_first\75.jpg
0124,src1,76.jpg,Data_first\76.jpg
0125,src1,77.jpg,Data_first\77.jpg
0126,src1,78.jpg,Data_first\78.jpg
0127,src1,79.jpg,Data_first\79.jpg
0128,src1,80.jpg,Data_first\80.jpg
0129,src1,81.jpg,Data_first\81.jpg
0130,src1,82.jpg,Data_first\82.jpg
0131,src1,83.jpg,Data_first\83.jpg
0132,src1,84.jpg,Data_first\84.jpg
0133,src1,85.jpg,Data_first\85.jpg
0134,src1,87.jpg,Data_first\87.jpg
0135,src1,88.jpg,Data_first\88.jpg
0136,src1,89.jpg,Data_first\89.jpg
0137,src1,92.jpg,Data_first\92.jpg
0138,src1,93.jpg,Data_first\93.jpg
0139,src1,94.jpg,Data_first\94.jpg
0140,src1,95.jpg,Data_first\95.jpg
0141,src1,96.jpg,Data_first\96.jpg
0142,src1,97.jpg,Data_first\97.jpg
0143,src1,98.jpg,Data_first\98.jpg
0144,src1,99.jpg,Data_first\99.jpg
0145,src1,PA1.jpg,Data_first\PA1.jpg
0146,src1,PA10.jpg,Data_first\PA10.jpg
0147,src1,PA2.jpg,Data_first\PA2.jpg
0148,src1,PA3.jpg,Data_first\PA3.jpg
0149,src1,PA4.jpg,Data_first\PA4.jpg
0150,src1,PA5.jpg,Data_first\PA5.jpg
0151,src1,PA7.jpg,Data_first\PA7.jpg
0152,src1,PA9.jpg,Data_first\PA9.jpg
0153,src2,10.jpg,Data_second\10.jpg
0154,src2,106.jpg,Data_second\106.jpg
0155,src2,107.jpg,Data_second\107.jpg
0156,src2,112.jpg,Data_second\112.jpg
0157,src2,116.jpg,Data_second\116.jpg
0158,src2,117.jpg,Data_second\117.jpg
0159,src2,118.jpg,Data_second\118.jpg
0160,src2,12.jpg,Data_second\12.jpg
0161,src2,120.jpg,Data_second\120.jpg
0162,src2,126.jpg,Data_second\126.jpg
0163,src2,127.jpg,Data_second\127.jpg
0164,src2,128.jpg,Data_second\128.jpg
0165,src2,129.jpg,Data_second\129.jpg
0166,src2,13.jpg,Data_second\13.jpg
0167,src2,133.jpg,Data_second\133.jpg
0168,src2,144.jpg,Data_second\144.jpg
0169,src2,145.jpg,Data_second\145.jpg
0170,src2,148.jpg,Data_second\148.jpg
0171,src2,15.jpg,Data_second\15.jpg
0172,src2,154.jpg,Data_second\154.jpg
0173,src2,16.jpg,Data_second\16.jpg
0174,src2,164.jpg,Data_second\164.jpg
0175,src2,169.jpg,Data_second\169.jpg
0176,src2,17.jpg,Data_second\17.jpg
0177,src2,170.jpg,Data_second\170.jpg
0178,src2,18.jpg,Data_second\18.jpg
0179,src2,180.jpg,Data_second\180.jpg
0180,src2,185.jpg,Data_second\185.jpg
0181,src2,19.jpg,Data_second\19.jpg
0182,src2,194.jpg,Data_second\194.jpg
0183,src2,196.jpg,Data_second\196.jpg
0184,src2,204.jpg,Data_second\204.jpg
0185,src2,208.jpg,Data_second\208.jpg
0186,src2,210.jpg,Data_second\210.jpg
0187,src2,22.jpg,Data_second\22.jpg
0188,src2,223.jpg,Data_second\223.jpg
0189,src2,224.jpg,Data_second\224.jpg
0190,src2,227.jpg,Data_second\227.jpg
0191,src2,23.jpg,Data_second\23.jpg
0192,src2,230.jpg,Data_second\230.jpg
0193,src2,236.jpg,Data_second\236.jpg
0194,src2,237.jpg,Data_second\237.jpg
0195,src2,243.jpg,Data_second\243.jpg
0196,src2,250.jpg,Data_second\250.jpg
0197,src2,253.jpg,Data_second\253.jpg
0198,src2,258.jpg,Data_second\258.jpg
0199,src2,262.jpg,Data_second\262.jpg
0200,src2,267.jpg,Data_second\267.jpg
0201,src2,268.jpg,Data_second\268.jpg
0202,src2,277.jpg,Data_second\277.jpg
0203,src2,279.jpg,Data_second\279.jpg
0204,src2,281.jpg,Data_second\281.jpg
0205,src2,282.jpg,Data_second\282.jpg
0206,src2,283.jpg,Data_second\283.jpg
0207,src2,29.jpg,Data_second\29.jpg
0208,src2,295.jpg,Data_second\295.jpg
0209,src2,30.jpg,Data_second\30.jpg
0210,src2,300.jpg,Data_second\300.jpg
0211,src2,301.jpg,Data_second\301.jpg
0212,src2,309.jpg,Data_second\309.jpg
0213,src2,314.jpg,Data_second\314.jpg
0214,src2,316.jpg,Data_second\316.jpg
0215,src2,319.jpg,Data_second\319.jpg
0216,src2,32.jpg,Data_second\32.jpg
0217,src2,320.jpg,Data_second\320.jpg
0218,src2,331.jpg,Data_second\331.jpg
0219,src2,335.jpg,Data_second\335.jpg
0220,src2,34.jpg,Data_second\34.jpg
0221,src2,346.jpg,Data_second\346.jpg
0222,src2,348.jpg,Data_second\348.jpg
0223,src2,35.jpg,Data_second\35.jpg
0224,src2,354.jpg,Data_second\354.jpg
0225,src2,357.jpg,Data_second\357.jpg
0226,src2,358.jpg,Data_second\358.jpg
0227,src2,36.jpg,Data_second\36.jpg
0228,src2,360.jpg,Data_second\360.jpg
0229,src2,375.jpg,Data_second\375.jpg
0230,src2,382.jpg,Data_second\382.jpg
0231,src2,384.jpg,Data_second\384.jpg
0232,src2,385.jpg,Data_second\385.jpg
0233,src2,387.jpg,Data_second\387.jpg
0234,src2,389.jpg,Data_second\389.jpg
0235,src2,390.jpg,Data_second\390.jpg
0236,src2,396.jpg,Data_second\396.jpg
0237,src2,397.jpg,Data_second\397.jpg
0238,src2,40.jpg,Data_second\40.jpg
0239,src2,400.jpg,Data_second\400.jpg
0240,src2,404.jpg,Data_second\404.jpg
0241,src2,406.jpg,Data_second\406.jpg
0242,src2,407.jpg,Data_second\407.jpg
0243,src2,408.jpg,Data_second\408.jpg
0244,src2,41.jpg,Data_second\41.jpg
0245,src2,410.jpg,Data_second\410.jpg
0246,src2,43.jpg,Data_second\43.jpg
0247,src2,46.jpg,Data_second\46.jpg
0248,src2,47.jpg,Data_second\47.jpg
0249,src2,49.jpg,Data_second\49.jpg
0250,src2,5.jpg,Data_second\5.jpg
0251,src2,50.jpg,Data_second\50.jpg
0252,src2,51.jpg,Data_second\51.jpg
0253,src2,58.jpg,Data_second\58.jpg
0254,src2,61.jpg,Data_second\61.jpg
0255,src2,62.jpg,Data_second\62.jpg
0256,src2,75.jpg,Data_second\75.jpg
0257,src2,78.jpg,Data_second\78.jpg
0258,src2,85.jpg,Data_second\85.jpg
0259,src2,87.jpg,Data_second\87.jpg
0260,src2,95.jpg,Data_second\95.jpg
0261,src2,97.jpg,Data_second\97.jpg
0262,src2,99.jpg,Data_second\99.jpg
