epoch,time,train/box_loss,train/cls_loss,train/dfl_loss,metrics/precision(B),metrics/recall(B),metrics/mAP50(B),metrics/mAP50-95(B),val/box_loss,val/cls_loss,val/dfl_loss,lr/pg0,lr/pg1,lr/pg2
1,3.47104,1.61085,2.35861,1.77845,0.02001,0.9697,0.44052,0.12171,2.02149,2.68735,2.14661,0.000314815,0.000314815,0.0688333
2,4.63679,1.28204,1.60859,1.44797,0.0176,1,0.79025,0.27851,1.8604,2.43875,1.83734,0.00064387,0.00064387,0.0358291
3,5.79698,1.35728,1.46851,1.51674,0.77859,0.26657,0.68652,0.32308,1.53226,2.24394,1.56879,0.000968526,0.000968526,0.00282038
4,6.95502,1.30388,1.34809,1.43317,0.85479,0.87879,0.91656,0.41872,1.62425,1.61276,1.51216,0.0009802,0.0009802,0.0009802
5,8.10496,1.23263,1.27003,1.38327,0.89482,0.89394,0.9341,0.45398,1.67495,1.50635,1.81795,0.0009736,0.0009736,0.0009736
6,9.25255,1.20334,1.20554,1.36766,0.81791,0.9697,0.93213,0.55256,1.37393,1.3817,1.39566,0.000967,0.000967,0.000967
7,10.4035,1.20998,1.22298,1.37476,0.89321,0.89394,0.93954,0.54543,1.40913,1.45323,1.37116,0.0009604,0.0009604,0.0009604
8,11.5394,1.25123,1.26182,1.40241,0.82412,0.87879,0.91519,0.44032,1.70752,1.67686,1.5527,0.0009538,0.0009538,0.0009538
9,12.6976,1.12697,1.1516,1.28918,0.82599,0.93499,0.92132,0.57933,1.34917,1.28854,1.35846,0.0009472,0.0009472,0.0009472
10,13.847,1.15753,1.1344,1.31122,0.83115,0.895,0.91768,0.45712,1.75023,1.33424,1.56924,0.0009406,0.0009406,0.0009406
11,14.9849,1.17556,1.08233,1.30309,0.79517,0.92424,0.90746,0.38744,1.89935,1.43431,1.76411,0.000934,0.000934,0.000934
12,16.146,1.1729,1.09577,1.29392,0.85332,0.96958,0.94956,0.57751,1.33601,1.19769,1.29574,0.0009274,0.0009274,0.0009274
13,17.3026,1.24101,1.07067,1.3469,0.9123,0.94575,0.95228,0.46922,1.76406,1.31391,1.61046,0.0009208,0.0009208,0.0009208
14,18.4402,1.12186,1.05014,1.3029,0.87565,1,0.95553,0.54525,1.5083,1.1223,1.40623,0.0009142,0.0009142,0.0009142
15,19.5776,1.12059,1.03587,1.29219,0.85785,1,0.95088,0.51121,1.59575,1.4096,1.55914,0.0009076,0.0009076,0.0009076
16,20.7324,1.10659,1.0387,1.29353,0.84479,0.98968,0.94215,0.55311,1.41291,1.42599,1.51743,0.000901,0.000901,0.000901
17,21.8739,1.0788,1.02243,1.22882,0.89527,0.90909,0.9597,0.58929,1.2912,1.05878,1.29344,0.0008944,0.0008944,0.0008944
18,23.0162,1.0776,0.96375,1.25243,0.91805,0.84872,0.96242,0.60229,1.24494,1.10684,1.25449,0.0008878,0.0008878,0.0008878
19,24.1687,1.07105,0.96758,1.23465,0.80959,0.70869,0.84514,0.52842,1.26828,1.455,1.30758,0.0008812,0.0008812,0.0008812
20,25.2937,1.10974,1.00201,1.27506,0.91981,0.86907,0.93801,0.59126,1.24217,1.25447,1.22868,0.0008746,0.0008746,0.0008746
21,26.4352,1.09992,0.95655,1.26497,0.89729,0.92659,0.96446,0.63567,1.18847,0.88717,1.20164,0.000868,0.000868,0.000868
22,27.5892,1.06152,0.9298,1.23395,0.88951,0.95455,0.97728,0.73789,0.90622,0.87519,1.06997,0.0008614,0.0008614,0.0008614
23,28.7471,1.01027,0.8969,1.25165,0.87246,0.93939,0.96841,0.64148,1.14989,0.88523,1.21811,0.0008548,0.0008548,0.0008548
24,29.8704,1.04174,0.92499,1.22592,0.84857,0.9697,0.96687,0.68721,1.07493,0.83559,1.17288,0.0008482,0.0008482,0.0008482
25,31.0167,1.0578,0.91904,1.23543,0.922,0.95455,0.97126,0.7501,0.89474,0.81805,1.17691,0.0008416,0.0008416,0.0008416
26,32.158,0.99707,0.90188,1.22315,0.9382,0.95455,0.97733,0.71075,0.98478,0.82103,1.09127,0.000835,0.000835,0.000835
27,33.2899,1.10117,0.8961,1.24748,0.92789,0.93939,0.9698,0.62473,1.25721,0.95645,1.32226,0.0008284,0.0008284,0.0008284
28,34.4263,1.03534,0.89438,1.21271,0.92689,0.96045,0.96967,0.71631,0.9163,0.87596,1.09213,0.0008218,0.0008218,0.0008218
29,35.57,1.13034,0.91883,1.29569,0.87489,0.95358,0.96544,0.71751,1.05706,0.91555,1.2429,0.0008152,0.0008152,0.0008152
30,36.7048,0.98796,0.82793,1.17854,0.94978,0.85964,0.956,0.74159,0.87325,0.92582,1.09684,0.0008086,0.0008086,0.0008086
31,37.8499,0.98576,0.8379,1.2172,0.9546,0.95585,0.98191,0.72453,0.91198,0.79525,1.09843,0.000802,0.000802,0.000802
32,38.9961,0.97851,0.81103,1.18283,0.95503,0.98485,0.98078,0.74707,0.87722,0.70763,1.0597,0.0007954,0.0007954,0.0007954
33,40.1324,0.98632,0.83407,1.21188,0.96957,0.96567,0.98071,0.69897,1.05732,0.76217,1.12777,0.0007888,0.0007888,0.0007888
34,41.2688,0.99018,0.81535,1.20325,0.94104,0.96741,0.98257,0.73616,0.95693,0.74197,1.07485,0.0007822,0.0007822,0.0007822
35,42.4252,0.97269,0.78385,1.16527,0.94019,0.95277,0.96652,0.72444,0.90712,0.75493,1.09039,0.0007756,0.0007756,0.0007756
36,43.5751,1.00302,0.82782,1.19839,0.90137,0.96931,0.95937,0.6699,0.97275,0.78697,1.10912,0.000769,0.000769,0.000769
37,44.7254,0.96985,0.84221,1.19459,0.91201,0.98485,0.96804,0.73352,0.89024,0.72125,1.06974,0.0007624,0.0007624,0.0007624
38,45.8638,0.99728,0.78573,1.208,0.94113,0.9697,0.97429,0.74301,0.8839,0.7135,1.0759,0.0007558,0.0007558,0.0007558
39,47.0236,0.93704,0.76402,1.15238,0.96863,0.9357,0.98019,0.75392,0.83194,0.72406,1.07042,0.0007492,0.0007492,0.0007492
40,48.167,1.01092,0.83089,1.22054,0.92738,0.96753,0.98524,0.79004,0.73074,0.67892,1.00302,0.0007426,0.0007426,0.0007426
41,49.3284,0.96163,0.7913,1.173,0.9832,0.9697,0.98683,0.70618,0.9395,0.69771,1.06303,0.000736,0.000736,0.000736
42,50.4784,0.92242,0.73246,1.152,0.96949,0.93939,0.9844,0.66245,1.13257,0.69281,1.1563,0.0007294,0.0007294,0.0007294
43,51.6066,0.93015,0.75362,1.15058,0.95754,0.95455,0.98695,0.75467,0.89089,0.62282,1.05195,0.0007228,0.0007228,0.0007228
44,52.7365,0.96393,0.76576,1.20092,0.9701,0.98316,0.99003,0.81565,0.71888,0.62619,0.98682,0.0007162,0.0007162,0.0007162
45,53.8797,0.99176,0.78159,1.1817,0.97744,0.95455,0.99185,0.80126,0.7859,0.63065,1.01938,0.0007096,0.0007096,0.0007096
46,55.034,0.89696,0.69092,1.14341,0.96707,0.98485,0.99085,0.7775,0.81217,0.60551,1.01736,0.000703,0.000703,0.000703
47,56.1577,0.94527,0.71634,1.19588,0.97552,1,0.9944,0.78954,0.78684,0.56188,1.01809,0.0006964,0.0006964,0.0006964
48,57.2934,0.96553,0.71016,1.17605,0.98503,0.99684,0.99351,0.71098,0.9975,0.58287,1.11772,0.0006898,0.0006898,0.0006898
49,58.4436,0.89221,0.67116,1.15362,0.98244,0.98485,0.99258,0.66873,1.16343,0.59993,1.13522,0.0006832,0.0006832,0.0006832
50,59.5903,0.93483,0.73339,1.17887,0.98368,0.98485,0.99216,0.76285,0.83182,0.58777,1.01709,0.0006766,0.0006766,0.0006766
51,60.7045,0.90192,0.71673,1.17725,0.96994,0.97768,0.99189,0.79614,0.73096,0.56866,1.00555,0.00067,0.00067,0.00067
52,61.8338,0.95464,0.70317,1.14769,0.95858,0.9697,0.99197,0.75593,0.88003,0.56079,1.06904,0.0006634,0.0006634,0.0006634
53,62.9798,0.86468,0.69634,1.11166,0.98474,0.97782,0.99034,0.74319,0.9355,0.60325,1.05121,0.0006568,0.0006568,0.0006568
54,64.1166,0.92764,0.71087,1.15755,0.94672,0.98485,0.99063,0.71194,1.04448,0.59811,1.1129,0.0006502,0.0006502,0.0006502
55,65.2529,0.92967,0.69309,1.15825,0.94016,0.98485,0.98767,0.7204,1.01676,0.57784,1.10701,0.0006436,0.0006436,0.0006436
56,66.3774,0.88015,0.67048,1.13667,0.94067,0.98485,0.98388,0.75343,0.92258,0.56573,1.07619,0.000637,0.000637,0.000637
57,67.5059,0.93127,0.68594,1.1529,0.94184,0.98157,0.98676,0.76978,0.83558,0.57279,1.04448,0.0006304,0.0006304,0.0006304
58,68.6527,0.88762,0.67021,1.14586,0.94197,0.98384,0.98481,0.7834,0.79809,0.57564,1.02514,0.0006238,0.0006238,0.0006238
59,69.802,0.87354,0.67206,1.11877,0.92955,1,0.98635,0.81407,0.73257,0.56968,1.0144,0.0006172,0.0006172,0.0006172
60,70.9237,0.89465,0.693,1.15518,0.95039,0.9697,0.98582,0.80603,0.78263,0.58019,1.04912,0.0006106,0.0006106,0.0006106
61,72.0555,0.90029,0.72488,1.13347,0.95545,0.98485,0.98802,0.76059,0.89413,0.55477,1.08224,0.000604,0.000604,0.000604
62,73.1869,0.87042,0.64161,1.1012,0.93538,0.98485,0.98647,0.75427,0.91091,0.56287,1.06488,0.0005974,0.0005974,0.0005974
63,74.3099,0.88909,0.66197,1.14205,0.96919,0.95337,0.98803,0.7477,0.89027,0.56061,1.05868,0.0005908,0.0005908,0.0005908
64,75.4324,0.82498,0.64388,1.10162,0.92658,0.98485,0.98812,0.77584,0.8355,0.56903,1.0565,0.0005842,0.0005842,0.0005842
65,76.5641,0.86245,0.65141,1.12251,0.92564,0.98485,0.98564,0.82255,0.70732,0.56722,1.01754,0.0005776,0.0005776,0.0005776
66,77.6996,0.83256,0.64081,1.10824,0.93999,0.9697,0.98355,0.81964,0.69313,0.5619,0.98949,0.000571,0.000571,0.000571
67,78.8272,0.82525,0.63699,1.1056,0.92852,0.98405,0.98283,0.79679,0.71248,0.55756,0.99393,0.0005644,0.0005644,0.0005644
68,79.9529,0.89477,0.63807,1.13391,0.96863,0.93585,0.98017,0.77879,0.77107,0.57093,1.02619,0.0005578,0.0005578,0.0005578
69,81.0958,0.86411,0.65612,1.10696,0.96916,0.95231,0.97662,0.72751,0.92736,0.57731,1.08663,0.0005512,0.0005512,0.0005512
70,82.2411,0.80808,0.59557,1.10837,0.95222,0.95455,0.96477,0.70054,0.99771,0.61505,1.108,0.0005446,0.0005446,0.0005446
71,83.3797,0.84802,0.62294,1.12434,0.96567,0.93939,0.96333,0.7496,0.83177,0.61358,1.05215,0.000538,0.000538,0.000538
72,84.5164,0.85304,0.6414,1.12935,0.96864,0.93614,0.96301,0.76742,0.75758,0.61334,1.03082,0.0005314,0.0005314,0.0005314
73,85.6484,0.82606,0.63049,1.09536,0.94027,0.95402,0.98015,0.78474,0.80856,0.55582,1.04514,0.0005248,0.0005248,0.0005248
74,86.7751,0.81374,0.62707,1.11255,0.9403,0.95454,0.98355,0.74208,0.91684,0.57934,1.05414,0.0005182,0.0005182,0.0005182
75,87.9133,0.80877,0.62995,1.07705,0.95453,0.95431,0.98633,0.75073,0.88717,0.55427,1.03257,0.0005116,0.0005116,0.0005116
76,89.0309,0.87556,0.62328,1.12806,0.96957,0.96554,0.98883,0.83068,0.64553,0.50084,0.94162,0.000505,0.000505,0.000505
77,90.1753,0.78951,0.59207,1.08057,0.95274,0.9697,0.98562,0.83278,0.63328,0.52369,0.94344,0.0004984,0.0004984,0.0004984
78,91.3004,0.85388,0.66765,1.11001,0.95511,0.96723,0.98549,0.82219,0.67842,0.53385,0.9575,0.0004918,0.0004918,0.0004918
79,92.4452,0.8305,0.59451,1.1126,0.92846,0.98317,0.98141,0.81948,0.67098,0.56123,0.95274,0.0004852,0.0004852,0.0004852
80,93.5952,0.80787,0.59709,1.10466,0.98377,0.91847,0.96401,0.79037,0.7262,0.71565,0.97482,0.0004786,0.0004786,0.0004786
81,94.7161,0.7997,0.6105,1.09633,0.96903,0.94821,0.95957,0.79572,0.71192,0.80441,0.96718,0.000472,0.000472,0.000472
82,95.8582,0.7879,0.58435,1.09658,0.95662,0.93939,0.96146,0.77833,0.7492,0.82565,0.98706,0.0004654,0.0004654,0.0004654
83,96.9854,0.82284,0.59878,1.11779,0.96127,0.93939,0.95644,0.76273,0.77925,0.80079,1.0035,0.0004588,0.0004588,0.0004588
84,98.1138,0.79807,0.60085,1.08801,0.94115,0.96919,0.95338,0.75181,0.79548,0.6497,1.01707,0.0004522,0.0004522,0.0004522
85,99.2598,0.79069,0.59922,1.09144,0.95381,0.9697,0.97199,0.785,0.72692,0.50103,0.98936,0.0004456,0.0004456,0.0004456
86,100.387,0.80869,0.62,1.10596,0.94206,0.9697,0.97578,0.76998,0.80102,0.52894,1.02336,0.000439,0.000439,0.000439
87,101.511,0.79325,0.59356,1.10638,0.94179,0.98069,0.9854,0.77104,0.84068,0.53299,1.04242,0.0004324,0.0004324,0.0004324
88,102.643,0.83403,0.61844,1.10299,0.94186,0.98181,0.98923,0.81202,0.71646,0.5025,0.97874,0.0004258,0.0004258,0.0004258
89,103.792,0.7372,0.57504,1.06569,0.95468,0.9697,0.99128,0.83548,0.62023,0.47799,0.94495,0.0004192,0.0004192,0.0004192
90,104.929,0.81486,0.59224,1.10233,0.9552,0.96919,0.98947,0.80564,0.70644,0.52549,0.97651,0.0004126,0.0004126,0.0004126
91,106.066,0.81542,0.56238,1.08699,0.95563,0.979,0.99009,0.78088,0.76818,0.535,0.98055,0.000406,0.000406,0.000406
92,107.223,0.80812,0.56631,1.0955,0.95569,0.98033,0.98991,0.81189,0.70736,0.51524,0.94664,0.0003994,0.0003994,0.0003994
93,108.356,0.78369,0.58084,1.08392,0.94537,0.9697,0.98771,0.81519,0.66421,0.52112,0.95842,0.0003928,0.0003928,0.0003928
94,109.467,0.78322,0.55985,1.08676,0.92563,0.94297,0.98441,0.78819,0.71356,0.54529,0.99062,0.0003862,0.0003862,0.0003862
95,110.613,0.80144,0.56539,1.07803,0.93661,0.9697,0.98532,0.80255,0.67178,0.51642,0.96397,0.0003796,0.0003796,0.0003796
96,111.743,0.73806,0.5568,1.04964,0.95519,0.96889,0.97329,0.82179,0.59619,0.51028,0.92015,0.000373,0.000373,0.000373
97,112.858,0.79471,0.56086,1.08448,0.92784,0.98485,0.98072,0.82048,0.62665,0.54124,0.92797,0.0003664,0.0003664,0.0003664
98,113.975,0.76152,0.52265,1.04845,0.92584,0.9697,0.97932,0.78465,0.76155,0.57103,0.97411,0.0003598,0.0003598,0.0003598
99,115.106,0.78472,0.54623,1.06961,0.93904,0.95455,0.97648,0.77804,0.76754,0.55593,0.97568,0.0003532,0.0003532,0.0003532
100,116.224,0.7986,0.57227,1.07417,0.94003,0.95004,0.98265,0.81301,0.67668,0.53035,0.93443,0.0003466,0.0003466,0.0003466
101,117.359,0.75433,0.56834,1.07959,0.91529,0.98236,0.98548,0.82611,0.62997,0.50537,0.92287,0.00034,0.00034,0.00034
102,118.477,0.78351,0.57862,1.0789,0.93774,0.98485,0.98681,0.81367,0.63191,0.47705,0.93178,0.0003334,0.0003334,0.0003334
103,119.59,0.75126,0.5443,1.07682,0.95323,0.98485,0.98849,0.82733,0.62298,0.44669,0.92569,0.0003268,0.0003268,0.0003268
104,120.709,0.73086,0.51931,1.05358,0.95582,0.98334,0.98952,0.82617,0.64825,0.43964,0.92663,0.0003202,0.0003202,0.0003202
105,121.841,0.76897,0.56347,1.07099,0.95514,0.96787,0.99017,0.80772,0.70378,0.44704,0.93954,0.0003136,0.0003136,0.0003136
106,122.969,0.72064,0.5125,1.03537,0.94186,0.98179,0.9899,0.80274,0.71184,0.4478,0.93959,0.000307,0.000307,0.000307
107,124.131,0.74933,0.53637,1.06203,0.98001,0.93939,0.98946,0.78786,0.77555,0.46668,0.9782,0.0003004,0.0003004,0.0003004
108,125.269,0.71704,0.51577,1.05225,0.96919,0.95313,0.98934,0.77062,0.83196,0.47735,0.99713,0.0002938,0.0002938,0.0002938
109,126.404,0.71104,0.53232,1.03866,0.96935,0.95832,0.98993,0.82554,0.66754,0.45722,0.92562,0.0002872,0.0002872,0.0002872
110,127.523,0.73685,0.553,1.07575,0.95947,0.9697,0.98892,0.83194,0.61668,0.45817,0.91462,0.0002806,0.0002806,0.0002806
111,128.64,0.70968,0.53564,1.03257,0.96213,0.9697,0.98747,0.83427,0.61302,0.45851,0.9249,0.000274,0.000274,0.000274
112,129.778,0.7143,0.52308,1.06059,0.9517,0.98485,0.98745,0.82568,0.64135,0.4592,0.95518,0.0002674,0.0002674,0.0002674
113,130.908,0.72275,0.52446,1.05701,0.96798,0.98485,0.98626,0.8436,0.56097,0.45071,0.91314,0.0002608,0.0002608,0.0002608
114,132.041,0.73776,0.53832,1.07539,0.96816,0.98485,0.98508,0.84012,0.58044,0.44967,0.92033,0.0002542,0.0002542,0.0002542
115,133.18,0.72913,0.54324,1.03821,0.96861,0.98485,0.9856,0.81659,0.64732,0.45507,0.94996,0.0002476,0.0002476,0.0002476
116,134.297,0.68974,0.50556,1.04095,0.96801,0.98485,0.98638,0.82305,0.6402,0.45438,0.94934,0.000241,0.000241,0.000241
117,135.41,0.7209,0.52786,1.05356,0.95581,0.98485,0.98826,0.84109,0.57761,0.43942,0.9227,0.0002344,0.0002344,0.0002344
118,136.548,0.6789,0.51302,1.03762,0.95575,0.98175,0.98963,0.82115,0.61342,0.44538,0.93425,0.0002278,0.0002278,0.0002278
119,137.67,0.64461,0.49614,1.00484,0.95568,0.98012,0.99017,0.82524,0.63965,0.44684,0.94458,0.0002212,0.0002212,0.0002212
120,138.783,0.68668,0.51974,1.03378,0.95518,0.96879,0.99006,0.81507,0.63407,0.44179,0.94258,0.0002146,0.0002146,0.0002146
121,139.914,0.65835,0.49106,1.02433,0.95584,0.98387,0.98987,0.81707,0.60932,0.44027,0.93879,0.000208,0.000208,0.000208
122,141.039,0.612,0.47487,1.00229,0.95541,0.98485,0.98992,0.81072,0.65562,0.4489,0.95636,0.0002014,0.0002014,0.0002014
123,142.163,0.66563,0.51064,1.03253,0.95509,0.98485,0.98869,0.79566,0.73264,0.46435,0.98205,0.0001948,0.0001948,0.0001948
124,143.29,0.63074,0.47263,1.00917,0.95469,0.98485,0.98811,0.81477,0.68196,0.45172,0.96233,0.0001882,0.0001882,0.0001882
125,144.424,0.70047,0.51113,1.02796,0.95476,0.98485,0.99001,0.83011,0.63205,0.43112,0.94919,0.0001816,0.0001816,0.0001816
126,145.543,0.6993,0.50719,1.03847,0.95451,0.98485,0.99024,0.84412,0.61367,0.43496,0.94432,0.000175,0.000175,0.000175
127,146.662,0.65275,0.50568,1.01499,0.95444,0.98485,0.98983,0.83869,0.62219,0.43886,0.94029,0.0001684,0.0001684,0.0001684
128,147.782,0.63023,0.47648,1.00047,0.95409,0.98485,0.98876,0.83132,0.62557,0.44045,0.93326,0.0001618,0.0001618,0.0001618
129,148.91,0.64669,0.48251,0.99481,0.95479,0.98485,0.99015,0.84613,0.57413,0.41886,0.91251,0.0001552,0.0001552,0.0001552
130,150.046,0.64967,0.49182,1.03428,0.95516,0.98485,0.99058,0.85254,0.55446,0.40591,0.90606,0.0001486,0.0001486,0.0001486
131,151.176,0.67111,0.50698,1.0256,0.95498,0.98485,0.99058,0.8399,0.58122,0.4023,0.91726,0.000142,0.000142,0.000142
132,152.356,0.64404,0.50592,1.01051,0.95462,0.98485,0.99126,0.82576,0.62841,0.4067,0.93639,0.0001354,0.0001354,0.0001354
133,153.488,0.62223,0.49012,1.00474,0.95458,0.98485,0.99074,0.79845,0.69548,0.41379,0.95979,0.0001288,0.0001288,0.0001288
134,154.618,0.68138,0.48504,1.02613,0.95363,0.98485,0.98805,0.81161,0.65169,0.41044,0.94098,0.0001222,0.0001222,0.0001222
135,155.765,0.61819,0.46841,1.00774,0.97001,0.98026,0.98705,0.83392,0.59664,0.40481,0.91909,0.0001156,0.0001156,0.0001156
136,156.892,0.64015,0.49887,0.99872,0.96938,0.98485,0.9858,0.83372,0.5777,0.40656,0.91401,0.000109,0.000109,0.000109
137,158.023,0.64879,0.48658,1.02788,0.96818,0.98485,0.98752,0.82781,0.61342,0.41269,0.93093,0.0001024,0.0001024,0.0001024
138,159.159,0.62693,0.46614,0.99358,0.96805,0.98485,0.98799,0.82567,0.65073,0.41601,0.94808,9.58e-05,9.58e-05,9.58e-05
139,160.287,0.64387,0.49731,1.01357,0.96859,0.98485,0.98861,0.82645,0.64831,0.4122,0.94741,8.92e-05,8.92e-05,8.92e-05
140,161.41,0.58503,0.45136,0.99276,0.96861,0.98485,0.98799,0.83217,0.61171,0.40502,0.93207,8.26e-05,8.26e-05,8.26e-05
141,165.777,0.48599,0.34546,0.9076,0.96848,0.98485,0.98908,0.84176,0.56261,0.39179,0.90876,7.6e-05,7.6e-05,7.6e-05
142,166.879,0.44185,0.3219,0.88806,0.96901,0.98485,0.99015,0.83984,0.57528,0.39065,0.91588,6.94e-05,6.94e-05,6.94e-05
143,167.991,0.50478,0.35054,0.92776,0.97015,0.98478,0.99096,0.83649,0.61476,0.3901,0.93291,6.28e-05,6.28e-05,6.28e-05
144,169.119,0.45245,0.3226,0.90371,0.96939,0.98485,0.99064,0.82853,0.6242,0.39289,0.9369,5.62e-05,5.62e-05,5.62e-05
145,170.222,0.4619,0.33796,0.9014,0.96919,0.98485,0.99143,0.82862,0.63423,0.39444,0.9423,4.96e-05,4.96e-05,4.96e-05
146,171.326,0.47739,0.33553,0.91545,0.96881,0.98485,0.9916,0.83271,0.61609,0.39454,0.93372,4.3e-05,4.3e-05,4.3e-05
147,172.45,0.47408,0.33763,0.91095,0.96884,0.98485,0.99141,0.83892,0.60463,0.39148,0.92808,3.64e-05,3.64e-05,3.64e-05
148,173.628,0.45652,0.32581,0.88983,0.9689,0.98485,0.99144,0.84044,0.59788,0.39066,0.92505,2.98e-05,2.98e-05,2.98e-05
149,174.742,0.43771,0.3278,0.89883,0.96895,0.98485,0.99144,0.84218,0.59451,0.38902,0.92489,2.32e-05,2.32e-05,2.32e-05
150,175.868,0.45711,0.32875,0.88852,0.96897,0.98485,0.99164,0.84284,0.60049,0.3888,0.92704,1.66e-05,1.66e-05,1.66e-05
