epoch,time,train/box_loss,train/seg_loss,train/cls_loss,train/dfl_loss,train/sem_loss,metrics/precision(B),metrics/recall(B),metrics/mAP50(B),metrics/mAP50-95(B),metrics/precision(M),metrics/recall(M),metrics/mAP50(M),metrics/mAP50-95(M),val/box_loss,val/seg_loss,val/cls_loss,val/dfl_loss,val/sem_loss,lr/pg0,lr/pg1,lr/pg2
1,5.92756,0.91408,2.15469,2.00207,1.43048,0,0.00667,0.875,0.02534,0.00961,0,0,0,0,2.54113,14.0655,2.90434,2.63371,0,0.000326531,0.000326531,0.0676735
2,10.8064,0.92126,1.75977,1.29102,1.47465,0,0.95866,0.36236,0.89403,0.6276,0.57742,0.22656,0.34188,0.14274,0.90986,4.54967,2.13195,1.53837,0,0.000655509,0.000655509,0.0346691
3,15.0975,0.81983,1.49629,1.09204,1.34693,0,0.8231,0.82031,0.88817,0.61602,0.83289,0.82812,0.89768,0.51119,0.94383,2.3136,1.23867,1.50646,0,0.000980087,0.000980087,0.00166036
4,19.3091,0.7969,1.37882,0.99676,1.29056,0,0.82762,0.8627,0.87831,0.6505,0.8032,0.86089,0.9018,0.6405,0.88241,1.54458,1.10221,1.44781,0,0.0009802,0.0009802,0.0009802
5,23.4628,0.76246,1.22034,0.89248,1.27091,0,0.88794,0.9375,0.95041,0.80232,0.88794,0.9375,0.95041,0.76443,0.62786,1.2156,0.83102,1.18825,0,0.0009736,0.0009736,0.0009736
6,27.644,0.73684,1.24833,0.90291,1.23475,0,0.92679,0.90625,0.96329,0.79382,0.92679,0.90625,0.96055,0.74125,0.68464,1.25446,0.75181,1.24798,0,0.000967,0.000967,0.000967
7,31.8641,0.70072,1.12431,0.8383,1.20579,0,0.94263,0.89861,0.96116,0.74597,0.94263,0.89861,0.96116,0.77976,0.76645,1.10298,0.82523,1.30138,0,0.0009604,0.0009604,0.0009604
8,36.0442,0.7006,1.10846,0.79904,1.20309,0,0.9444,0.84375,0.95411,0.7642,0.88615,0.91217,0.95627,0.7424,0.6934,1.35764,0.87831,1.23966,0,0.0009538,0.0009538,0.0009538
9,40.3492,0.62727,1.03143,0.7422,1.17235,0,0.9627,0.89844,0.9766,0.85158,0.9627,0.89844,0.97172,0.82779,0.54612,0.93644,0.65285,1.08603,0,0.0009472,0.0009472,0.0009472
10,44.6413,0.70438,1.16637,0.7931,1.20585,0,0.94495,0.93875,0.97118,0.86031,0.94495,0.93875,0.97118,0.82193,0.50684,0.99158,0.71084,1.05349,0,0.0009406,0.0009406,0.0009406
11,48.8472,0.71489,1.00421,0.7576,1.19483,0,0.95689,0.96875,0.98373,0.72186,0.95689,0.96875,0.98373,0.81979,0.89852,0.94114,0.7681,1.59957,0,0.000934,0.000934,0.000934
12,53.2868,0.64478,0.94968,0.72479,1.14844,0,0.93144,0.91406,0.96606,0.8318,0.93144,0.91406,0.96606,0.80287,0.56987,1.00995,0.7536,1.12906,0,0.0009274,0.0009274,0.0009274
13,57.7772,0.59607,0.91561,0.68342,1.10654,0,0.95749,0.94531,0.97988,0.85789,0.95749,0.94531,0.97988,0.83872,0.51553,0.87144,0.58371,1.05805,0,0.0009208,0.0009208,0.0009208
14,62.0384,0.62019,0.94757,0.67392,1.13881,0,0.93899,0.96186,0.97627,0.86436,0.93899,0.96186,0.97627,0.8462,0.53392,0.83537,0.60874,1.0837,0,0.0009142,0.0009142,0.0009142
15,66.2691,0.60917,0.90294,0.68485,1.11441,0,0.9636,0.94531,0.98153,0.85145,0.9636,0.94531,0.98153,0.79801,0.56553,1.08511,0.59749,1.1261,0,0.0009076,0.0009076,0.0009076
16,70.4342,0.63662,0.94983,0.66428,1.1378,0,0.94099,0.9375,0.97669,0.85942,0.94099,0.9375,0.97303,0.84077,0.5212,0.85067,0.58459,1.05851,0,0.000901,0.000901,0.000901
17,74.6177,0.58676,0.88837,0.61475,1.10316,0,0.90047,0.99219,0.98461,0.85811,0.90047,0.99219,0.98461,0.85302,0.54282,0.82356,0.54584,1.1057,0,0.0008944,0.0008944,0.0008944
18,78.9815,0.54149,0.87922,0.61876,1.07316,0,0.95226,0.9351,0.98405,0.87995,0.95226,0.9351,0.98405,0.86111,0.48937,0.81582,0.50607,1.05625,0,0.0008878,0.0008878,0.0008878
19,83.4854,0.52878,0.8409,0.55053,1.06486,0,0.93653,0.92224,0.96905,0.86109,0.93653,0.92224,0.96905,0.83234,0.4784,0.892,0.53558,1.03599,0,0.0008812,0.0008812,0.0008812
20,87.7701,0.55594,0.81678,0.59663,1.07696,0,0.94527,0.96094,0.97415,0.86842,0.94527,0.96094,0.97415,0.84586,0.48139,0.80975,0.53134,1.04129,0,0.0008746,0.0008746,0.0008746
21,92.0931,0.59835,0.91367,0.61838,1.08404,0,0.92579,0.97656,0.98348,0.85526,0.92579,0.97656,0.98348,0.84508,0.5525,0.88703,0.54567,1.11889,0,0.000868,0.000868,0.000868
22,96.2312,0.53831,0.83725,0.53737,1.0529,0,0.93935,0.96793,0.98514,0.90056,0.93935,0.96793,0.98514,0.86368,0.43166,0.83546,0.4526,1.00848,0,0.0008614,0.0008614,0.0008614
23,100.339,0.49799,0.76931,0.52765,1.02611,0,0.94615,0.96082,0.98562,0.88126,0.94615,0.96082,0.98562,0.86692,0.45542,0.72632,0.44345,1.02139,0,0.0008548,0.0008548,0.0008548
24,104.773,0.53354,0.7783,0.53145,1.04396,0,0.97182,0.9375,0.98582,0.89541,0.97182,0.9375,0.98582,0.86929,0.46118,0.73271,0.43547,1.02402,0,0.0008482,0.0008482,0.0008482
25,109.093,0.49066,0.78068,0.52209,1.03621,0,0.94548,0.97656,0.9849,0.88286,0.94548,0.97656,0.9849,0.86284,0.49041,0.7574,0.46138,1.04827,0,0.0008416,0.0008416,0.0008416
26,113.331,0.54142,0.84379,0.52737,1.04294,0,0.96739,0.94531,0.98054,0.89085,0.96739,0.94531,0.98054,0.87856,0.42754,0.74216,0.45813,0.98711,0,0.000835,0.000835,0.000835
27,117.637,0.49515,0.79393,0.4914,1.0398,0,0.98147,0.92969,0.97941,0.89632,0.98147,0.92969,0.97941,0.87461,0.40882,0.72245,0.44782,0.9899,0,0.0008284,0.0008284,0.0008284
28,121.839,0.51424,0.80124,0.50471,1.02653,0,0.95272,0.94466,0.97941,0.87724,0.95272,0.94466,0.97941,0.84838,0.46952,0.87215,0.44617,1.06082,0,0.0008218,0.0008218,0.0008218
29,126.119,0.52206,0.78498,0.4851,1.05338,0,0.94927,0.95312,0.98006,0.90196,0.94927,0.95312,0.98006,0.86533,0.4039,0.73333,0.42086,0.98639,0,0.0008152,0.0008152,0.0008152
30,130.676,0.49312,0.75685,0.52652,1.02625,0,0.94662,0.96983,0.9846,0.88566,0.94662,0.96983,0.9846,0.87047,0.46428,0.70448,0.45502,1.04651,0,0.0008086,0.0008086,0.0008086
31,134.803,0.49053,0.76875,0.51624,1.03366,0,0.95347,0.98438,0.98351,0.8807,0.95347,0.98438,0.98351,0.86312,0.45857,0.81117,0.41385,1.00535,0,0.000802,0.000802,0.000802
32,139.005,0.48871,0.7428,0.49672,1.01852,0,0.96729,0.97656,0.97422,0.88101,0.96729,0.97656,0.97422,0.8712,0.44499,0.69249,0.47262,1.00995,0,0.0007954,0.0007954,0.0007954
33,143.154,0.50056,0.77983,0.48118,0.99984,0,0.96918,0.98266,0.98915,0.91159,0.96918,0.98266,0.98915,0.8865,0.41663,0.70923,0.38727,1.00569,0,0.0007888,0.0007888,0.0007888
34,147.295,0.48181,0.75802,0.46238,1.01987,0,0.95417,0.98438,0.98818,0.90607,0.95417,0.98438,0.98818,0.88271,0.41204,0.71126,0.3755,1.0031,0,0.0007822,0.0007822,0.0007822
35,151.717,0.4619,0.73628,0.47681,1.01066,0,0.95453,0.98393,0.98714,0.90851,0.95453,0.98393,0.98714,0.8664,0.40916,0.72516,0.38128,1.02104,0,0.0007756,0.0007756,0.0007756
36,156.134,0.43636,0.68185,0.43347,0.97634,0,0.93224,0.96739,0.98593,0.89488,0.93224,0.96739,0.98593,0.87386,0.42032,0.71594,0.40618,0.98575,0,0.000769,0.000769,0.000769
37,160.291,0.47749,0.69897,0.45481,1.02363,0,0.93177,0.98438,0.98701,0.89876,0.93177,0.98438,0.98701,0.87875,0.42751,0.69849,0.38747,1.01345,0,0.0007624,0.0007624,0.0007624
38,164.564,0.44513,0.65693,0.41006,0.99323,0,0.92426,0.97656,0.98774,0.89799,0.92426,0.97656,0.98774,0.87995,0.42344,0.75035,0.39231,1.00557,0,0.0007558,0.0007558,0.0007558
39,168.648,0.4478,0.67562,0.42126,1.0014,0,0.97479,0.96875,0.98987,0.89584,0.97479,0.96875,0.98987,0.88029,0.44439,0.70999,0.36726,1.05553,0,0.0007492,0.0007492,0.0007492
40,172.733,0.45467,0.68441,0.46097,0.98535,0,0.95166,0.96094,0.9893,0.90851,0.95166,0.96094,0.9893,0.89518,0.42673,0.69013,0.38269,0.99935,0,0.0007426,0.0007426,0.0007426
41,177.074,0.49634,0.7221,0.45751,1.02862,0,0.95266,0.94531,0.98844,0.90766,0.95266,0.94531,0.98844,0.88583,0.40361,0.6914,0.38549,0.98978,0,0.000736,0.000736,0.000736
42,181.428,0.45915,0.66281,0.43823,0.98467,0,0.96279,0.92969,0.98597,0.90088,0.96279,0.92969,0.98556,0.87814,0.40191,0.69364,0.38889,0.98229,0,0.0007294,0.0007294,0.0007294
43,185.659,0.47106,0.71559,0.44082,0.98294,0,0.95313,0.97656,0.99076,0.924,0.95313,0.97656,0.99076,0.88794,0.38385,0.69257,0.35911,0.95496,0,0.0007228,0.0007228,0.0007228
44,189.961,0.45805,0.70157,0.46021,0.99658,0,0.94621,0.96205,0.988,0.92417,0.94621,0.96205,0.988,0.89673,0.37186,0.67905,0.35209,0.96038,0,0.0007162,0.0007162,0.0007162
45,194.122,0.4323,0.68504,0.41838,0.97993,0,0.94498,0.97656,0.98809,0.91678,0.94498,0.97656,0.98809,0.88485,0.38948,0.71647,0.35819,0.9778,0,0.0007096,0.0007096,0.0007096
46,198.252,0.4153,0.60165,0.3807,0.97565,0,0.94591,0.95641,0.98625,0.91557,0.94591,0.95641,0.98625,0.8914,0.37834,0.65144,0.35762,0.97272,0,0.000703,0.000703,0.000703
47,202.577,0.44552,0.68988,0.41843,0.98663,0,0.95851,0.98438,0.98927,0.93031,0.95851,0.98438,0.98927,0.90313,0.3605,0.62875,0.33187,0.94562,0,0.0006964,0.0006964,0.0006964
48,206.93,0.41953,0.65036,0.41183,0.97688,0,0.96123,0.98438,0.98419,0.92437,0.96123,0.98438,0.98419,0.89234,0.35281,0.62284,0.34226,0.95249,0,0.0006898,0.0006898,0.0006898
49,211.179,0.4234,0.64283,0.38405,0.96755,0,0.96164,0.97933,0.98869,0.92908,0.96164,0.97933,0.98869,0.9029,0.36659,0.60942,0.33289,0.96478,0,0.0006832,0.0006832,0.0006832
50,215.74,0.40611,0.62228,0.36567,0.96279,0,0.96927,0.96875,0.98944,0.91711,0.96927,0.96875,0.98941,0.90768,0.38223,0.62432,0.31883,0.97581,0,0.0006766,0.0006766,0.0006766
51,220.431,0.4009,0.66999,0.36393,0.95559,0,0.97334,0.96875,0.98677,0.91208,0.97334,0.96875,0.986,0.89185,0.39057,0.67069,0.34612,0.96254,0,0.00067,0.00067,0.00067
52,224.676,0.38614,0.63055,0.36651,0.95201,0,0.96896,0.97548,0.98599,0.91338,0.96896,0.97548,0.98599,0.89156,0.39591,0.66087,0.33148,0.96777,0,0.0006634,0.0006634,0.0006634
53,229.305,0.40572,0.65006,0.36647,0.94986,0,0.97921,0.94531,0.98891,0.91637,0.97921,0.94531,0.98891,0.88069,0.37324,0.74018,0.33515,0.96688,0,0.0006568,0.0006568,0.0006568
54,233.746,0.39099,0.61191,0.36338,0.9355,0,0.96062,0.95312,0.98615,0.92099,0.96062,0.95312,0.98615,0.89032,0.37489,0.62953,0.34626,0.96614,0,0.0006502,0.0006502,0.0006502
55,237.871,0.39913,0.63504,0.37195,0.94934,0,0.98374,0.94524,0.98498,0.90994,0.98374,0.94524,0.98498,0.89276,0.38056,0.63211,0.34022,0.96871,0,0.0006436,0.0006436,0.0006436
56,242.105,0.42169,0.68459,0.38872,0.9583,0,0.95531,0.96094,0.98694,0.92862,0.95531,0.96094,0.98694,0.90113,0.34402,0.61305,0.32608,0.94603,0,0.000637,0.000637,0.000637
57,246.277,0.4315,0.69634,0.3914,0.96461,0,0.95348,0.96081,0.98823,0.91449,0.95348,0.96081,0.98823,0.90262,0.37044,0.61012,0.32827,0.95596,0,0.0006304,0.0006304,0.0006304
58,250.503,0.39281,0.63574,0.36393,0.95395,0,0.95772,0.97656,0.98398,0.92579,0.95772,0.97656,0.98398,0.8822,0.34268,0.68913,0.32559,0.92951,0,0.0006238,0.0006238,0.0006238
59,254.861,0.39401,0.63571,0.36126,0.94682,0,0.9685,0.98438,0.98088,0.92841,0.9685,0.98438,0.98088,0.89973,0.34805,0.63759,0.30181,0.92541,0,0.0006172,0.0006172,0.0006172
60,259.217,0.3921,0.66355,0.37684,0.956,0,0.96041,0.98438,0.99033,0.92955,0.96041,0.98438,0.99033,0.9042,0.33332,0.61073,0.30379,0.93199,0,0.0006106,0.0006106,0.0006106
61,263.47,0.39785,0.63197,0.37566,0.95637,0,0.96776,0.97656,0.98946,0.92092,0.96776,0.97656,0.98946,0.90362,0.35505,0.65218,0.30946,0.94948,0,0.000604,0.000604,0.000604
62,267.687,0.36825,0.59277,0.35741,0.92965,0,0.95389,0.98438,0.9893,0.92813,0.95389,0.98438,0.9893,0.90584,0.34335,0.60054,0.29472,0.94127,0,0.0005974,0.0005974,0.0005974
63,271.807,0.3811,0.62322,0.34369,0.93632,0,0.96151,0.9759,0.99049,0.92522,0.96151,0.9759,0.99036,0.92279,0.36545,0.57133,0.29571,0.95418,0,0.0005908,0.0005908,0.0005908
64,276.113,0.40663,0.60874,0.34383,0.96194,0,0.96897,0.97582,0.9915,0.93936,0.96897,0.97582,0.99123,0.9095,0.33048,0.58288,0.27504,0.92898,0,0.0005842,0.0005842,0.0005842
65,280.439,0.3838,0.6013,0.3739,0.93873,0,0.96056,0.97656,0.99228,0.92421,0.96056,0.97656,0.99221,0.91765,0.36037,0.61114,0.29604,0.9706,0,0.0005776,0.0005776,0.0005776
66,284.616,0.42362,0.64696,0.38268,0.95207,0,0.9748,0.96875,0.9906,0.94166,0.9748,0.96875,0.9906,0.92291,0.34057,0.57861,0.29659,0.94027,0,0.000571,0.000571,0.000571
67,288.782,0.38582,0.57946,0.33963,0.91606,0,0.97916,0.97656,0.98755,0.92362,0.97916,0.97656,0.98755,0.91726,0.35355,0.55796,0.29726,0.95338,0,0.0005644,0.0005644,0.0005644
68,293.175,0.37408,0.55057,0.31572,0.92185,0,0.97603,0.97656,0.99051,0.92414,0.97603,0.97656,0.99051,0.91835,0.36081,0.53972,0.30535,0.951,0,0.0005578,0.0005578,0.0005578
69,297.173,0.37598,0.5685,0.32563,0.92125,0,0.96804,0.97656,0.99216,0.93067,0.96804,0.97656,0.99216,0.93488,0.35153,0.54009,0.29095,0.9472,0,0.0005512,0.0005512,0.0005512
70,301.257,0.37322,0.58233,0.3248,0.94536,0,0.98422,0.97463,0.99157,0.93765,0.98422,0.97463,0.99157,0.91172,0.33521,0.5755,0.279,0.93238,0,0.0005446,0.0005446,0.0005446
71,305.943,0.3708,0.5789,0.33104,0.92969,0,0.9819,0.97656,0.99237,0.92805,0.9819,0.97656,0.99237,0.91489,0.33469,0.56415,0.27651,0.93639,0,0.000538,0.000538,0.000538
72,310.144,0.36968,0.55808,0.31795,0.91299,0,0.9618,0.98353,0.99077,0.93634,0.9618,0.98353,0.99077,0.90889,0.32583,0.60195,0.26831,0.92909,0,0.0005314,0.0005314,0.0005314
73,314.192,0.3848,0.60524,0.35182,0.92172,0,0.96881,0.99219,0.98636,0.92734,0.96881,0.99219,0.98636,0.91769,0.34467,0.56322,0.27805,0.94631,0,0.0005248,0.0005248,0.0005248
74,318.553,0.37324,0.53729,0.33351,0.92518,0,0.96919,0.9832,0.98717,0.93367,0.96919,0.9832,0.98717,0.92444,0.34493,0.54992,0.28337,0.93764,0,0.0005182,0.0005182,0.0005182
75,322.603,0.34032,0.48945,0.29817,0.90704,0,0.97434,0.98438,0.9892,0.92768,0.97434,0.98438,0.9892,0.91621,0.3575,0.58109,0.28384,0.94789,0,0.0005116,0.0005116,0.0005116
76,326.896,0.36306,0.53162,0.31982,0.90497,0,0.97672,0.98313,0.99023,0.9451,0.97672,0.98313,0.99023,0.93222,0.32058,0.54259,0.28169,0.92948,0,0.000505,0.000505,0.000505
77,331.366,0.32829,0.51883,0.29728,0.88533,0,0.97557,0.96875,0.992,0.93733,0.97557,0.96875,0.992,0.92229,0.3288,0.56648,0.28758,0.93465,0,0.0004984,0.0004984,0.0004984
78,335.52,0.34191,0.56251,0.2936,0.91406,0,0.95931,0.96875,0.9921,0.93781,0.95931,0.96875,0.9921,0.92316,0.32808,0.5439,0.28233,0.94346,0,0.0004918,0.0004918,0.0004918
79,339.69,0.35803,0.5675,0.30913,0.91314,0,0.95993,0.96875,0.99123,0.94116,0.95993,0.96875,0.99123,0.92795,0.31593,0.56247,0.28702,0.92349,0,0.0004852,0.0004852,0.0004852
80,343.905,0.3674,0.53039,0.32218,0.90418,0,0.94712,0.97955,0.98875,0.93452,0.94712,0.97955,0.98875,0.92697,0.32584,0.57289,0.29233,0.92607,0,0.0004786,0.0004786,0.0004786
81,348.013,0.35421,0.56768,0.30683,0.91289,0,0.98237,0.95312,0.98516,0.93958,0.98237,0.95312,0.98516,0.91331,0.31566,0.59548,0.28234,0.92435,0,0.000472,0.000472,0.000472
82,352.271,0.35492,0.55933,0.31585,0.91858,0,0.98323,0.96094,0.9905,0.94267,0.98323,0.96094,0.9905,0.92575,0.31322,0.58533,0.26935,0.92226,0,0.0004654,0.0004654,0.0004654
83,356.686,0.36116,0.5552,0.33002,0.91904,0,0.98855,0.97656,0.99312,0.94243,0.98855,0.97656,0.99312,0.91608,0.32154,0.57844,0.25144,0.92002,0,0.0004588,0.0004588,0.0004588
84,360.907,0.38181,0.5839,0.30826,0.91001,0,0.97515,0.98438,0.99272,0.9357,0.97515,0.98438,0.99272,0.90781,0.3409,0.5804,0.26873,0.92547,0,0.0004522,0.0004522,0.0004522
85,365.124,0.34529,0.52924,0.29062,0.89507,0,0.96536,0.97656,0.99239,0.9366,0.96536,0.97656,0.99239,0.92287,0.33679,0.60654,0.27792,0.93691,0,0.0004456,0.0004456,0.0004456
86,369.317,0.31576,0.52998,0.3011,0.8935,0,0.96133,0.97107,0.9916,0.94143,0.96133,0.97107,0.9916,0.92275,0.32451,0.58916,0.29966,0.9262,0,0.000439,0.000439,0.000439
87,373.342,0.33543,0.54833,0.30015,0.90932,0,0.96174,0.98187,0.99155,0.94419,0.96174,0.98187,0.99155,0.9253,0.30588,0.57429,0.27168,0.92396,0,0.0004324,0.0004324,0.0004324
88,377.637,0.316,0.49898,0.27779,0.88807,0,0.9614,0.97656,0.99053,0.94576,0.9614,0.97656,0.99053,0.92798,0.29893,0.5309,0.27093,0.928,0,0.0004258,0.0004258,0.0004258
89,382.037,0.32082,0.515,0.30002,0.89447,0,0.96894,0.975,0.99115,0.94566,0.96894,0.975,0.99115,0.93564,0.31671,0.52384,0.28076,0.92234,0,0.0004192,0.0004192,0.0004192
90,386.256,0.35067,0.53096,0.27907,0.90016,0,0.96755,0.97656,0.99042,0.94886,0.96755,0.97656,0.99042,0.93569,0.29919,0.53918,0.2653,0.92337,0,0.0004126,0.0004126,0.0004126
91,390.435,0.34934,0.54915,0.3081,0.8977,0,0.96896,0.97566,0.99121,0.94455,0.96896,0.97566,0.99121,0.92962,0.29856,0.54341,0.2569,0.92172,0,0.000406,0.000406,0.000406
92,394.64,0.30979,0.492,0.50187,0.86804,0,0.96921,0.98373,0.98398,0.94329,0.96921,0.98373,0.98398,0.93276,0.30522,0.51131,0.26003,0.90944,0,0.0003994,0.0003994,0.0003994
93,398.742,0.32391,0.54508,0.29695,0.89088,0,0.96915,0.98185,0.98366,0.94619,0.96915,0.98185,0.98366,0.93437,0.29149,0.50996,0.26313,0.91237,0,0.0003928,0.0003928,0.0003928
94,403.033,0.34117,0.51206,0.2873,0.90557,0,0.98521,0.95312,0.98344,0.94633,0.98521,0.95312,0.98344,0.93246,0.28341,0.51245,0.26322,0.90264,0,0.0003862,0.0003862,0.0003862
95,407.287,0.29378,0.48396,0.27877,0.88195,0,0.97504,0.96094,0.98321,0.94647,0.97504,0.96094,0.98321,0.93694,0.28383,0.52662,0.27485,0.90175,0,0.0003796,0.0003796,0.0003796
96,411.554,0.30362,0.50118,0.26759,0.88193,0,0.95419,0.97638,0.99042,0.95661,0.95419,0.97638,0.99042,0.9407,0.2808,0.51542,0.26625,0.90192,0,0.000373,0.000373,0.000373
97,415.792,0.29003,0.49939,0.25854,0.87757,0,0.9608,0.97656,0.99133,0.94537,0.9608,0.97656,0.99133,0.95012,0.29883,0.48985,0.27495,0.90576,0,0.0003664,0.0003664,0.0003664
98,420.073,0.30734,0.47751,0.27188,0.87756,0,0.9673,0.97656,0.99108,0.95963,0.9673,0.97656,0.99108,0.93234,0.27486,0.51252,0.26808,0.89109,0,0.0003598,0.0003598,0.0003598
99,424.112,0.32807,0.52229,0.28359,0.89662,0,0.98149,0.96094,0.99112,0.95689,0.98149,0.96094,0.99232,0.94467,0.27967,0.48747,0.25496,0.8818,0,0.0003532,0.0003532,0.0003532
100,428.657,0.32694,0.53088,0.27999,0.88436,0,0.97365,0.96094,0.98292,0.9457,0.97365,0.96094,0.99261,0.93719,0.28856,0.48641,0.2674,0.88472,0,0.0003466,0.0003466,0.0003466
101,433.018,0.33436,0.51901,0.31729,0.90735,0,0.97042,0.97656,0.98367,0.95205,0.97042,0.97656,0.99315,0.93226,0.27546,0.49928,0.26083,0.89057,0,0.00034,0.00034,0.00034
102,437.203,0.3381,0.51882,0.2786,0.87521,0,0.96801,0.98438,0.99008,0.94802,0.96801,0.98438,0.993,0.9242,0.27797,0.53443,0.24883,0.89833,0,0.0003334,0.0003334,0.0003334
103,441.487,0.33055,0.55038,0.2907,0.89792,0,0.96843,0.97656,0.99041,0.94759,0.96843,0.97656,0.99186,0.93193,0.27943,0.50707,0.25369,0.91107,0,0.0003268,0.0003268,0.0003268
104,445.908,0.32259,0.49157,0.28044,0.8962,0,0.96896,0.97552,0.99191,0.94942,0.96896,0.97552,0.9925,0.93998,0.28625,0.48583,0.24702,0.91121,0,0.0003202,0.0003202,0.0003202
105,450.158,0.3223,0.50561,0.27066,0.88962,0,0.96873,0.96819,0.98234,0.93639,0.96873,0.96819,0.98234,0.92656,0.28728,0.50184,0.285,0.9194,0,0.0003136,0.0003136,0.0003136
106,454.875,0.28684,0.4583,0.24789,0.87302,0,0.96896,0.97564,0.99249,0.94525,0.96896,0.97564,0.99249,0.93994,0.28253,0.5051,0.25431,0.90034,0,0.000307,0.000307,0.000307
107,459.362,0.29193,0.46805,0.25108,0.87035,0,0.95394,0.97656,0.9911,0.94914,0.95394,0.97656,0.9911,0.93421,0.27924,0.50814,0.25952,0.89739,0,0.0003004,0.0003004,0.0003004
108,463.62,0.30876,0.51207,0.27479,0.87253,0,0.97568,0.96094,0.99064,0.9574,0.97568,0.96094,0.99064,0.94409,0.27728,0.4974,0.26211,0.8957,0,0.0002938,0.0002938,0.0002938
109,467.908,0.30273,0.49774,0.2839,0.8842,0,0.9763,0.96564,0.99028,0.95915,0.9763,0.96564,0.99028,0.94652,0.26382,0.49657,0.25997,0.89215,0,0.0002872,0.0002872,0.0002872
110,472.138,0.29507,0.51118,0.25566,0.87833,0,0.98321,0.95312,0.98952,0.95374,0.98321,0.95312,0.98952,0.94845,0.26863,0.50174,0.26528,0.88706,0,0.0002806,0.0002806,0.0002806
111,476.345,0.28937,0.46854,0.26606,0.87093,0,0.96785,0.96875,0.98842,0.95497,0.96785,0.96875,0.98842,0.94295,0.27369,0.50383,0.2576,0.89276,0,0.000274,0.000274,0.000274
112,480.713,0.29062,0.48898,0.2731,0.86991,0,0.97572,0.96875,0.98865,0.95133,0.97572,0.96875,0.98865,0.9474,0.27051,0.50976,0.24917,0.89235,0,0.0002674,0.0002674,0.0002674
113,484.956,0.28264,0.44745,0.2506,0.87684,0,0.96149,0.97517,0.99019,0.95541,0.96149,0.97517,0.99245,0.94039,0.26543,0.50401,0.24326,0.89117,0,0.0002608,0.0002608,0.0002608
114,489.211,0.29896,0.48469,0.27029,0.87765,0,0.96171,0.98106,0.99151,0.95661,0.96171,0.98106,0.99193,0.94945,0.27508,0.48863,0.25063,0.89915,0,0.0002542,0.0002542,0.0002542
115,493.485,0.30428,0.47439,0.27268,0.87528,0,0.9617,0.98079,0.99047,0.95849,0.9617,0.98079,0.99047,0.94589,0.26799,0.50481,0.25292,0.9017,0,0.0002476,0.0002476,0.0002476
116,497.619,0.29333,0.49654,0.2642,0.87142,0,0.97599,0.95275,0.98289,0.95112,0.97599,0.95275,0.98289,0.93943,0.26587,0.49486,0.26047,0.89446,0,0.000241,0.000241,0.000241
117,501.767,0.2955,0.48581,0.51082,0.85975,0,0.96889,0.97324,0.98317,0.94524,0.96889,0.97324,0.98317,0.93477,0.27134,0.49837,0.26507,0.89647,0,0.0002344,0.0002344,0.0002344
118,506.083,0.28608,0.47455,0.25066,0.88787,0,0.96773,0.96875,0.98323,0.94397,0.96773,0.96875,0.98323,0.92954,0.27697,0.50398,0.26053,0.90607,0,0.0002278,0.0002278,0.0002278
119,510.339,0.28297,0.47286,0.24867,0.87321,0,0.96896,0.97563,0.98376,0.94516,0.96896,0.97563,0.98376,0.93226,0.26574,0.52076,0.24827,0.89592,0,0.0002212,0.0002212,0.0002212
120,514.456,0.29696,0.4676,0.26083,0.88042,0,0.9841,0.96729,0.98346,0.94057,0.9841,0.96729,0.98346,0.9346,0.28318,0.50325,0.24711,0.91181,0,0.0002146,0.0002146,0.0002146
121,518.596,0.26637,0.44145,0.23274,0.87328,0,0.98777,0.96094,0.98377,0.93988,0.98777,0.96094,0.98377,0.93312,0.27284,0.50677,0.2446,0.91302,0,0.000208,0.000208,0.000208
122,522.707,0.2551,0.41772,0.22384,0.86662,0,0.97656,0.97641,0.98377,0.94582,0.97656,0.97641,0.98377,0.93756,0.26425,0.48427,0.23956,0.90976,0,0.0002014,0.0002014,0.0002014
123,527.103,0.27769,0.43132,0.23364,0.8626,0,0.97551,0.96875,0.98315,0.94881,0.97551,0.96875,0.98919,0.94644,0.26606,0.48513,0.24085,0.89852,0,0.0001948,0.0001948,0.0001948
124,531.46,0.30359,0.44907,0.25613,0.88328,0,0.97654,0.97582,0.98955,0.94804,0.97654,0.97582,0.98955,0.95068,0.2712,0.47797,0.24794,0.88732,0,0.0001882,0.0001882,0.0001882
125,535.658,0.27812,0.44132,0.26188,0.87744,0,0.97613,0.96875,0.98951,0.94726,0.97613,0.96875,0.98951,0.94401,0.26288,0.47873,0.25711,0.89977,0,0.0001816,0.0001816,0.0001816
126,539.826,0.29498,0.47155,0.25475,0.88458,0,0.97618,0.96061,0.98922,0.95236,0.97618,0.96061,0.98922,0.94877,0.25948,0.48096,0.25116,0.89345,0,0.000175,0.000175,0.000175
127,543.942,0.26766,0.45133,0.23528,0.8658,0,0.98305,0.95312,0.98323,0.94806,0.98305,0.95312,0.98323,0.94826,0.26955,0.47204,0.24913,0.88808,0,0.0001684,0.0001684,0.0001684
128,548.014,0.28375,0.48394,0.26299,0.87091,0,0.96888,0.97656,0.98295,0.953,0.96888,0.97656,0.98295,0.93935,0.26954,0.52152,0.24925,0.88873,0,0.0001618,0.0001618,0.0001618
129,552.198,0.28182,0.46019,0.23422,0.85245,0,0.96894,0.97656,0.98869,0.95193,0.96894,0.97656,0.98869,0.94584,0.25163,0.45991,0.23846,0.8793,0,0.0001552,0.0001552,0.0001552
130,556.597,0.26378,0.42885,0.24397,0.871,0,0.96896,0.97548,0.9897,0.95651,0.96896,0.97548,0.9897,0.9487,0.25119,0.45135,0.23756,0.8766,0,0.0001486,0.0001486,0.0001486
131,560.718,0.27291,0.49765,0.25278,0.87795,0,0.97535,0.96094,0.99025,0.95197,0.97535,0.96094,0.99025,0.95057,0.25056,0.45786,0.24514,0.87496,0,0.000142,0.000142,0.000142
132,564.902,0.26427,0.41173,0.22656,0.86164,0,0.99186,0.95214,0.98939,0.95372,0.99186,0.95214,0.98939,0.95199,0.25878,0.44926,0.25039,0.88199,0,0.0001354,0.0001354,0.0001354
133,569.032,0.24599,0.41555,0.21189,0.85662,0,0.984,0.96081,0.98272,0.94952,0.984,0.96081,0.98272,0.94296,0.256,0.45859,0.24457,0.88133,0,0.0001288,0.0001288,0.0001288
134,573.066,0.26044,0.47715,0.22853,0.84719,0,0.97552,0.96094,0.98264,0.95105,0.97552,0.96094,0.98264,0.9502,0.25496,0.43807,0.25082,0.87977,0,0.0001222,0.0001222,0.0001222
135,577.315,0.22565,0.37257,0.21209,0.84318,0,0.97636,0.968,0.98956,0.9605,0.97636,0.968,0.98956,0.95658,0.24872,0.43865,0.23256,0.87498,0,0.0001156,0.0001156,0.0001156
136,581.544,0.28159,0.44223,0.2519,0.87511,0,0.97637,0.96859,0.99027,0.95659,0.97637,0.96859,0.99048,0.95411,0.2601,0.44801,0.24407,0.88588,0,0.000109,0.000109,0.000109
137,585.74,0.27693,0.42992,0.23948,0.86692,0,0.97602,0.96875,0.99024,0.96035,0.97602,0.96875,0.99144,0.95494,0.25452,0.45659,0.23811,0.88154,0,0.0001024,0.0001024,0.0001024
138,590.064,0.26839,0.44356,0.24525,0.85201,0,0.97637,0.96839,0.99108,0.96076,0.97637,0.96839,0.99108,0.95323,0.24683,0.45847,0.2339,0.87754,0,9.58e-05,9.58e-05,9.58e-05
139,594.129,0.26713,0.45539,0.22369,0.85257,0,0.96884,0.97157,0.99076,0.95931,0.96884,0.97157,0.99076,0.95197,0.24156,0.46444,0.23292,0.87884,0,8.92e-05,8.92e-05,8.92e-05
140,598.439,0.27253,0.44038,0.2477,0.86471,0,0.99109,0.94531,0.98315,0.95166,0.99109,0.94531,0.9909,0.94667,0.24744,0.47819,0.24327,0.88369,0,8.26e-05,8.26e-05,8.26e-05
141,617.16,0.18148,0.31138,0.16212,0.81106,0,0.99089,0.95312,0.98271,0.9552,0.99089,0.95312,0.99184,0.94635,0.23966,0.46957,0.24719,0.87618,0,7.6e-05,7.6e-05,7.6e-05
142,621.599,0.17475,0.31237,0.15743,0.82228,0,0.99081,0.95312,0.98986,0.95627,0.99081,0.95312,0.98986,0.94692,0.24568,0.46524,0.24789,0.87498,0,6.94e-05,6.94e-05,6.94e-05
143,625.794,0.18236,0.30538,0.15533,0.81623,0,0.98699,0.95312,0.98167,0.95746,0.98699,0.95312,0.99007,0.95037,0.24563,0.4613,0.24344,0.87434,0,6.28e-05,6.28e-05,6.28e-05
144,630.232,0.17783,0.30338,0.15423,0.80894,0,0.98429,0.95312,0.98205,0.95508,0.98429,0.95312,0.98903,0.9515,0.24207,0.46123,0.24323,0.87644,0,5.62e-05,5.62e-05,5.62e-05
145,634.356,0.17231,0.29423,0.15123,0.79778,0,0.98779,0.95312,0.98324,0.95702,0.98779,0.95312,0.98324,0.95297,0.24153,0.46666,0.23573,0.8769,0,4.96e-05,4.96e-05,4.96e-05
146,638.863,0.17682,0.28871,0.14971,0.81318,0,0.99016,0.95312,0.98351,0.96162,0.99016,0.95312,0.98351,0.94785,0.23932,0.46796,0.22857,0.87479,0,4.3e-05,4.3e-05,4.3e-05
147,643.701,0.17348,0.28316,0.15085,0.80963,0,0.96888,0.97308,0.98374,0.9589,0.96888,0.97308,0.98374,0.94827,0.23706,0.47026,0.2222,0.87475,0,3.64e-05,3.64e-05,3.64e-05
148,648.153,0.17339,0.29637,0.14881,0.80422,0,0.99193,0.95997,0.9839,0.95972,0.99193,0.95997,0.9839,0.94664,0.23698,0.46873,0.2158,0.87496,0,2.98e-05,2.98e-05,2.98e-05
149,652.492,0.16912,0.28581,0.14632,0.79885,0,0.98967,0.96094,0.98382,0.95466,0.98967,0.96094,0.98382,0.94834,0.23655,0.47252,0.21637,0.87406,0,2.32e-05,2.32e-05,2.32e-05
150,656.821,0.17929,0.29273,0.14745,0.80619,0,0.9909,0.96094,0.9839,0.95556,0.9909,0.96094,0.9839,0.94792,0.23543,0.4676,0.21577,0.87474,0,1.66e-05,1.66e-05,1.66e-05
