資料集圖片,對應原圖,編號一致,方法,inliers,翻轉,縮放,旋轉deg,NCC(重建CLAHE vs 資料集),狀態
train_0001_t0.jpg,100_jpg.rf.zBbcITNYiOcvIIxh1qx1.jpg,是,SIFT,199.0,-,0.5334,-0.0,0.9984,✅
train_0002_t0.jpg,102_jpg.rf.cOqGrl79YDBIOZPR7Uk2.jpg,是,SIFT,162.0,-,0.5333,-0.01,0.9984,✅
train_0002_t1.jpg,102_jpg.rf.cOqGrl79YDBIOZPR7Uk2.jpg,是,SIFT,155.0,-,0.5333,0.01,0.998,✅
train_0003_t0.jpg,270_jpg.rf.Ar0asWU96X6igF23VGqq.jpg,是,SIFT,292.0,-,1.0007,0.01,0.9968,✅
train_0004_t0.jpg,106_jpg.rf.Iq2cMy4AsimbP7ZrdGhu.jpg,是,SIFT,254.0,-,0.8062,-0.0,0.9942,✅
train_0005_t0.jpg,107_jpg.rf.iN5tqKA8IHgWStPaSDbX.jpg,是,SIFT,180.0,-,0.3474,0.0,0.9978,✅
train_0005_t1.jpg,107_jpg.rf.iN5tqKA8IHgWStPaSDbX.jpg,是,SIFT,265.0,-,0.3474,0.0,0.9976,✅
train_0005_t2.jpg,107_jpg.rf.iN5tqKA8IHgWStPaSDbX.jpg,是,SIFT,220.0,-,0.3474,-0.01,0.9978,✅
train_0005_t3.jpg,107_jpg.rf.iN5tqKA8IHgWStPaSDbX.jpg,是,SIFT,382.0,-,0.3474,0.0,0.9974,✅
train_0006_t0.jpg,10_jpg.rf.fqKDmeZqkFWYTfLaPw13.jpg,是,SIFT,206.0,-,0.5333,-0.01,0.9983,✅
train_0007_t0.jpg,110_jpg.rf.ikLGqujd4yj9WaZMc80y.jpg,是,SIFT,198.0,-,0.5333,-0.01,0.9986,✅
train_0007_t1.jpg,110_jpg.rf.ikLGqujd4yj9WaZMc80y.jpg,是,SIFT,160.0,-,0.5333,-0.0,0.9989,✅
train_0008_t0.jpg,112_jpg.rf.hx6KRaDs61QlDUfj2rrZ.jpg,是,SIFT,315.0,-,0.3474,0.0,0.9972,✅
train_0009_t0.jpg,112_jpg.rf.vBO5PtvKDZ85oYBCMHWb.jpg,是,SIFT,339.0,-,0.5333,-0.0,0.9975,✅
train_0009_t1.jpg,112_jpg.rf.vBO5PtvKDZ85oYBCMHWb.jpg,是,SIFT,260.0,-,0.5333,0.01,0.9976,✅
train_0010_t0.jpg,113_jpg.rf.v1jFpX0vawrbAEPOi41J.jpg,是,SIFT,278.0,-,0.5333,0.0,0.9978,✅
train_0011_t0.jpg,114_jpg.rf.XBFwZ3rk7pf7CJJ2NL0d.jpg,是,SIFT,415.0,-,0.5334,0.0,0.9987,✅
train_0011_t1.jpg,114_jpg.rf.XBFwZ3rk7pf7CJJ2NL0d.jpg,是,SIFT,382.0,-,0.5333,0.0,0.9989,✅
train_0011_t2.jpg,114_jpg.rf.XBFwZ3rk7pf7CJJ2NL0d.jpg,是,SIFT,319.0,-,0.5333,0.0,0.9986,✅
train_0012_t0.jpg,116_jpg.rf.XRFkoomhbVV3XOXw1rZO.jpg,是,SIFT,109.0,-,0.5333,-0.0,0.9985,✅
train_0013_t0.jpg,87_jpg.rf.HouoBrbwMPQLLzdpfN2P.jpg,是,SIFT,219.0,-,0.8141,-0.0,0.9974,✅
train_0014_t0.jpg,119_jpg.rf.c3qKseGjhTB6M4qqX9Tw.jpg,是,SIFT,320.0,-,0.8108,-0.01,0.9966,✅
train_0015_t0.jpg,11_jpg.rf.zEXMWjzub4jdq1N6xLSg.jpg,是,SIFT,218.0,-,0.5333,0.0,0.9988,✅
train_0015_t1.jpg,11_jpg.rf.zEXMWjzub4jdq1N6xLSg.jpg,是,SIFT,142.0,-,0.5331,0.0,0.9962,✅
train_0015_t2.jpg,11_jpg.rf.zEXMWjzub4jdq1N6xLSg.jpg,是,SIFT,226.0,-,0.5333,0.0,0.9981,✅
train_0016_t0.jpg,120_jpg.rf.GCC6Iwh8hUJZRBVEeTAC.jpg,是,SIFT,112.0,-,0.5333,0.0,0.9986,✅
train_0017_t0.jpg,121_jpg.rf.0vzhYkLLrZwcqgUfirSx.jpg,是,SIFT,488.0,-,0.5333,-0.01,0.9977,✅
train_0017_t1.jpg,121_jpg.rf.0vzhYkLLrZwcqgUfirSx.jpg,是,SIFT,451.0,-,0.5333,0.0,0.9972,✅
train_0018_t0.jpg,122_jpg.rf.SSVF2KxEl1bbXotxsT6t.jpg,是,SIFT,205.0,-,0.5334,-0.0,0.9983,✅
train_0018_t1.jpg,122_jpg.rf.SSVF2KxEl1bbXotxsT6t.jpg,是,SIFT,226.0,-,0.5333,-0.0,0.9981,✅
train_0019_t0.jpg,123_jpg.rf.Op5vIZ4bK8Ec29XJEXxv.jpg,是,SIFT,160.0,-,0.3758,0.01,0.9946,✅
train_0019_t1.jpg,123_jpg.rf.Op5vIZ4bK8Ec29XJEXxv.jpg,是,SIFT,185.0,-,0.3758,-0.0,0.996,✅
train_0019_t2.jpg,123_jpg.rf.Op5vIZ4bK8Ec29XJEXxv.jpg,是,SIFT,222.0,-,0.3758,-0.0,0.9948,✅
train_0019_t3.jpg,123_jpg.rf.Op5vIZ4bK8Ec29XJEXxv.jpg,是,SIFT,121.0,-,0.3757,0.0,0.9948,✅
train_0020_t0.jpg,124_jpg.rf.xZ7Xj6uGRfDzm8ETXJfO.jpg,是,SIFT,235.0,-,0.5333,-0.0,0.9973,✅
train_0020_t1.jpg,124_jpg.rf.xZ7Xj6uGRfDzm8ETXJfO.jpg,是,SIFT,139.0,-,0.5333,0.01,0.9967,✅
train_0020_t2.jpg,124_jpg.rf.xZ7Xj6uGRfDzm8ETXJfO.jpg,是,SIFT,164.0,-,0.5333,0.0,0.9974,✅
train_0021_t0.jpg,125_jpg.rf.kEUqEKSwUQ0qpPBjTeid.jpg,是,SIFT,99.0,-,0.5333,0.01,0.9976,✅
train_0021_t1.jpg,125_jpg.rf.kEUqEKSwUQ0qpPBjTeid.jpg,是,SIFT,135.0,-,0.5333,-0.0,0.9973,✅
train_0021_t2.jpg,125_jpg.rf.kEUqEKSwUQ0qpPBjTeid.jpg,是,SIFT,74.0,-,0.5332,0.05,0.9954,✅
train_0021_t3.jpg,125_jpg.rf.kEUqEKSwUQ0qpPBjTeid.jpg,是,SIFT,116.0,-,0.5333,0.01,0.9977,✅
train_0022_t0.jpg,128_jpg.rf.2UYGvKv8DWqbwYdu2dCW.jpg,是,SIFT,100.0,-,0.5333,0.01,0.9984,✅
train_0022_t1.jpg,128_jpg.rf.2UYGvKv8DWqbwYdu2dCW.jpg,是,SIFT,134.0,-,0.5333,-0.0,0.9983,✅
train_0022_t2.jpg,128_jpg.rf.2UYGvKv8DWqbwYdu2dCW.jpg,是,SIFT,174.0,-,0.5333,0.0,0.9978,✅
train_0023_t0.jpg,128_jpg.rf.iW8sUpPY8fCfe1vzU56Y.jpg,是,SIFT,401.0,-,0.8117,-0.0,0.997,✅
train_0024_t0.jpg,129_jpg.rf.WhxBQuVtaV1pGAxh1uCn.jpg,是,SIFT,138.0,-,0.5333,0.0,0.999,✅
train_0024_t1.jpg,129_jpg.rf.WhxBQuVtaV1pGAxh1uCn.jpg,是,SIFT,232.0,-,0.5333,-0.0,0.9986,✅
train_0025_t0.jpg,12_jpg.rf.bXosK0gbTDgTthxHagI4.jpg,是,SIFT,251.0,-,0.7996,-0.0,0.9901,✅
train_0026_t0.jpg,12_jpg.rf.PmzXGlQbQyt9T1k6ocDl.jpg,是,SIFT,183.0,-,0.5333,-0.0,0.9986,✅
train_0027_t0.jpg,130_jpg.rf.0oEqEnTqGc0oUaAIIl5V.jpg,是,SIFT,113.0,-,0.5333,-0.02,0.9988,✅
train_0027_t1.jpg,130_jpg.rf.0oEqEnTqGc0oUaAIIl5V.jpg,是,SIFT,102.0,-,0.5333,0.01,0.9988,✅
train_0027_t2.jpg,130_jpg.rf.0oEqEnTqGc0oUaAIIl5V.jpg,是,SIFT,105.0,-,0.5334,-0.01,0.9985,✅
train_0027_t3.jpg,130_jpg.rf.0oEqEnTqGc0oUaAIIl5V.jpg,是,SIFT,50.0,-,0.5333,0.02,0.9973,✅
train_0028_t0.jpg,131_jpg.rf.nnehjmPjk2R5R8DjtS4u.jpg,是,SIFT,145.0,-,0.5333,0.0,0.9984,✅
train_0028_t1.jpg,131_jpg.rf.nnehjmPjk2R5R8DjtS4u.jpg,是,SIFT,162.0,-,0.5333,0.0,0.9985,✅
train_0029_t0.jpg,132_jpg.rf.t9WUz3jjNUpfB97smuzO.jpg,是,SIFT,112.0,-,0.5333,-0.01,0.9988,✅
train_0030_t0.jpg,133jpg_jpg.rf.G8OLtQsq4mQp2zoQrMe4.jpg,是,SIFT,92.0,-,0.5333,-0.01,0.9979,✅
train_0030_t1.jpg,133jpg_jpg.rf.G8OLtQsq4mQp2zoQrMe4.jpg,是,SIFT,108.0,-,0.5333,-0.01,0.9972,✅
train_0030_t2.jpg,133jpg_jpg.rf.G8OLtQsq4mQp2zoQrMe4.jpg,是,SIFT,123.0,-,0.5333,0.01,0.9974,✅
train_0030_t3.jpg,133jpg_jpg.rf.G8OLtQsq4mQp2zoQrMe4.jpg,是,SIFT,80.0,-,0.5333,0.02,0.9978,✅
train_0031_t0.jpg,134_jpg.rf.B2XhuiR39kRn2ooPMgPz.jpg,是,SIFT,283.0,-,0.3696,-0.0,0.9936,✅
train_0031_t1.jpg,134_jpg.rf.B2XhuiR39kRn2ooPMgPz.jpg,,SIFT,,,,,0.9884,❌ 未還原（已移到 _review，CLAHE組也要剔除這張）
train_0031_t2.jpg,134_jpg.rf.B2XhuiR39kRn2ooPMgPz.jpg,是,SIFT,294.0,-,0.3696,0.0,0.9907,✅
train_0032_t0.jpg,135_jpg.rf.7oTLKu45FYzGPQff3hBC.jpg,是,SIFT,170.0,-,0.3649,0.01,0.9954,✅
train_0032_t1.jpg,135_jpg.rf.7oTLKu45FYzGPQff3hBC.jpg,是,SIFT,137.0,-,0.3649,-0.0,0.9954,✅
train_0032_t2.jpg,135_jpg.rf.7oTLKu45FYzGPQff3hBC.jpg,是,SIFT,139.0,-,0.3649,0.01,0.995,✅
train_0032_t3.jpg,135_jpg.rf.7oTLKu45FYzGPQff3hBC.jpg,是,SIFT,143.0,-,0.3648,0.01,0.9947,✅
train_0033_t0.jpg,137_jpg.rf.ARd2pAEdfTsxGCfpkDN2.jpg,是,SIFT,81.0,-,0.5333,0.01,0.9976,✅
train_0033_t1.jpg,137_jpg.rf.ARd2pAEdfTsxGCfpkDN2.jpg,是,SIFT,58.0,-,0.5333,-0.0,0.9971,✅
train_0033_t2.jpg,137_jpg.rf.ARd2pAEdfTsxGCfpkDN2.jpg,是,SIFT,93.0,-,0.5333,0.01,0.9974,✅
train_0033_t3.jpg,137_jpg.rf.ARd2pAEdfTsxGCfpkDN2.jpg,是,SIFT,74.0,-,0.5334,0.01,0.9975,✅
train_0034_t0.jpg,138_jpg.rf.QaQmbeldv8ef7GGqjKJ0.jpg,是,SIFT,135.0,-,0.5333,0.0,0.9987,✅
train_0034_t1.jpg,138_jpg.rf.QaQmbeldv8ef7GGqjKJ0.jpg,是,SIFT,87.0,-,0.5333,-0.0,0.9985,✅
train_0034_t2.jpg,138_jpg.rf.QaQmbeldv8ef7GGqjKJ0.jpg,是,SIFT,101.0,-,0.5334,-0.01,0.9982,✅
train_0034_t3.jpg,138_jpg.rf.QaQmbeldv8ef7GGqjKJ0.jpg,是,SIFT,32.0,-,0.5337,0.03,0.997,✅
train_0035_t0.jpg,139_jpg.rf.fZrCuHrqgREfEeDUcC1z.jpg,是,SIFT,262.0,-,0.3747,0.0,0.9916,✅
train_0036_t0.jpg,13_jpg.rf.5h1FSgAd28vkX1IZ8IW4.jpg,是,SIFT,136.0,-,0.5333,-0.01,0.9988,✅
train_0036_t1.jpg,13_jpg.rf.5h1FSgAd28vkX1IZ8IW4.jpg,是,SIFT,162.0,-,0.5333,0.0,0.9988,✅
train_0037_t0.jpg,237_jpg.rf.23IKeul7xTIhI0oco2jp.jpg,是,SIFT,458.0,-,0.9986,0.02,0.9903,✅
train_0037_t1.jpg,140_jpg.rf.vLOW6acx6A9dHJ5jZ2Rk.jpg,是,SIFT,274.0,-,0.3758,-0.01,0.9924,✅
train_0038_t0.jpg,238_jpg.rf.7JzLQP0WujDHoM2bb5MY.jpg,是,SIFT,85.0,-,0.9995,-0.13,0.9975,✅
train_0038_t1.jpg,141_jpg.rf.Oae0GnACdtqLi2Yqn8f8.jpg,是,SIFT,137.0,-,0.2664,-0.01,0.997,✅
train_0039_t0.jpg,144_jpg.rf.yh9cLwBAaCgStqCnPaE4.jpg,是,SIFT,283.0,-,0.5333,0.0,0.9983,✅
train_0039_t1.jpg,144_jpg.rf.yh9cLwBAaCgStqCnPaE4.jpg,是,SIFT,245.0,-,0.5333,0.0,0.9983,✅
train_0040_t0.jpg,,,-,,,,,,❌ 未還原（已移到 _review，CLAHE組也要剔除這張）
train_0040_t1.jpg,146_jpg.rf.slzoDglxga9MIq4DwZuN.jpg,是,SIFT,32.0,-,0.5333,-0.01,0.9986,✅
train_0040_t2.jpg,146_jpg.rf.slzoDglxga9MIq4DwZuN.jpg,是,SIFT,48.0,-,0.5333,0.02,0.9985,✅
train_0040_t3.jpg,146_jpg.rf.slzoDglxga9MIq4DwZuN.jpg,是,SIFT,52.0,-,0.5333,0.01,0.9975,✅
train_0041_t0.jpg,147_jpg.rf.nrba6JW6MRJ7ceE98zKH.jpg,是,SIFT,146.0,-,0.3663,0.02,0.9973,✅
train_0041_t1.jpg,147_jpg.rf.nrba6JW6MRJ7ceE98zKH.jpg,是,SIFT,91.0,-,0.3663,-0.01,0.9969,✅
train_0041_t2.jpg,147_jpg.rf.nrba6JW6MRJ7ceE98zKH.jpg,是,SIFT,157.0,-,0.3663,0.0,0.9964,✅
train_0041_t3.jpg,147_jpg.rf.nrba6JW6MRJ7ceE98zKH.jpg,是,SIFT,146.0,-,0.3663,-0.01,0.9967,✅
train_0042_t0.jpg,148_jpg.rf.t3oQzQTU509tUf5FcV1L.jpg,是,SIFT,205.0,-,0.5333,0.0,0.998,✅
train_0042_t1.jpg,148_jpg.rf.t3oQzQTU509tUf5FcV1L.jpg,是,SIFT,181.0,-,0.5333,-0.0,0.9984,✅
train_0043_t0.jpg,148_jpg.rf.TzpzE8nXNKU3lEad387t.jpg,是,SIFT,144.0,-,0.5333,-0.0,0.999,✅
train_0044_t0.jpg,149_jpg.rf.MrsorCRSv4gWDuF84NhT.jpg,是,SIFT,306.0,-,0.5333,-0.0,0.9982,✅
train_0044_t1.jpg,149_jpg.rf.MrsorCRSv4gWDuF84NhT.jpg,是,SIFT,306.0,-,0.5333,0.0,0.9982,✅
train_0045_t0.jpg,14_jpg.rf.LuYuwjJ855NKv45JZJNF.jpg,是,SIFT,236.0,-,0.5333,-0.0,0.9986,✅
train_0045_t1.jpg,14_jpg.rf.LuYuwjJ855NKv45JZJNF.jpg,是,SIFT,390.0,-,0.5333,0.0,0.9987,✅
train_0046_t0.jpg,154_jpg.rf.HuH7z9UY4sznXr8XQQTk.jpg,是,SIFT,184.0,-,0.5333,-0.0,0.9976,✅
train_0046_t1.jpg,154_jpg.rf.HuH7z9UY4sznXr8XQQTk.jpg,是,SIFT,141.0,-,0.5334,0.01,0.9983,✅
train_0047_t0.jpg,155_jpg.rf.iyqvqvCc7324lwLcw40W.jpg,是,SIFT,385.0,-,0.5333,-0.0,0.9977,✅
train_0047_t1.jpg,155_jpg.rf.iyqvqvCc7324lwLcw40W.jpg,是,SIFT,472.0,-,0.5333,0.0,0.9976,✅
train_0048_t0.jpg,156_jpg.rf.xyzOOyzCNrAZTJfl3oOM.jpg,是,SIFT,52.0,-,0.5334,-0.01,0.9983,✅
train_0048_t1.jpg,156_jpg.rf.xyzOOyzCNrAZTJfl3oOM.jpg,是,SIFT,74.0,-,0.5333,-0.01,0.9984,✅
train_0048_t2.jpg,156_jpg.rf.xyzOOyzCNrAZTJfl3oOM.jpg,是,SIFT,108.0,-,0.5333,-0.0,0.9979,✅
train_0049_t0.jpg,157_jpg.rf.iZxMHP74FZPyMI9xP4ll.jpg,是,SIFT,253.0,-,0.5333,-0.0,0.998,✅
train_0049_t1.jpg,157_jpg.rf.iZxMHP74FZPyMI9xP4ll.jpg,是,SIFT,118.0,-,0.5333,0.0,0.9986,✅
train_0049_t2.jpg,157_jpg.rf.iZxMHP74FZPyMI9xP4ll.jpg,是,SIFT,273.0,-,0.5333,0.01,0.9984,✅
train_0050_t0.jpg,15_jpg.rf.cjVHcq4CaqPqFHr9cijd.jpg,是,SIFT,380.0,-,0.5333,-0.0,0.9993,✅
train_0051_t0.jpg,160_jpg.rf.jm80LTMjG2PYx3YXaDaC.jpg,是,SIFT,369.0,-,0.5333,-0.0,0.9977,✅
train_0051_t1.jpg,160_jpg.rf.jm80LTMjG2PYx3YXaDaC.jpg,是,SIFT,312.0,-,0.5333,-0.0,0.9981,✅
train_0052_t0.jpg,161_jpg.rf.s13LyvZqKKHmRequ18UP.jpg,是,SIFT,151.0,-,0.5333,0.0,0.999,✅
train_0052_t1.jpg,161_jpg.rf.s13LyvZqKKHmRequ18UP.jpg,是,SIFT,168.0,-,0.5333,-0.0,0.9988,✅
train_0053_t0.jpg,162_jpg.rf.Sykiyv8WEzV5twKHnKGE.jpg,是,SIFT,110.0,-,0.5332,0.0,0.9988,✅
train_0053_t1.jpg,162_jpg.rf.Sykiyv8WEzV5twKHnKGE.jpg,是,SIFT,156.0,-,0.5333,0.01,0.9984,✅
train_0053_t2.jpg,162_jpg.rf.Sykiyv8WEzV5twKHnKGE.jpg,是,SIFT,178.0,-,0.5333,0.0,0.998,✅
train_0054_t0.jpg,163_jpg.rf.DtKMlwOvGMypgt5KbhnS.jpg,,SIFT,,,,,0.9784,❌ 未還原（已移到 _review，CLAHE組也要剔除這張）
train_0055_t0.jpg,163_jpg.rf.s9SJBgxMtmwNZJ1deuqC.jpg,是,SIFT,221.0,-,0.3474,0.02,0.9959,✅
train_0055_t1.jpg,163_jpg.rf.s9SJBgxMtmwNZJ1deuqC.jpg,是,SIFT,339.0,-,0.3474,0.0,0.997,✅
train_0055_t2.jpg,163_jpg.rf.s9SJBgxMtmwNZJ1deuqC.jpg,是,SIFT,305.0,-,0.3474,-0.0,0.998,✅
train_0056_t0.jpg,165_jpg.rf.KhaeGNP5J5MFVzv20U0t.jpg,是,SIFT,170.0,-,0.5333,0.01,0.9984,✅
train_0057_t0.jpg,167_jpg.rf.EdonNhYcZWP2eHEtEDal.jpg,是,SIFT,261.0,-,0.5333,0.0,0.9984,✅
train_0057_t1.jpg,167_jpg.rf.EdonNhYcZWP2eHEtEDal.jpg,是,SIFT,191.0,-,0.5333,-0.0,0.9982,✅
train_0058_t0.jpg,256_jpg.rf.dh3ICJyMIiHCkQ6UnC1t.jpg,是,SIFT,211.0,-,1.0001,-0.03,0.9969,✅
train_0058_t1.jpg,169_jpg.rf.TxeazVozjY7FKm2HgO5S.jpg,是,SIFT,215.0,-,0.3475,0.0,0.9936,✅
train_0059_t0.jpg,16_jpg.rf.l6oWfPuoXZU63dZombW3.jpg,是,SIFT,68.0,-,0.5333,-0.0,0.999,✅
train_0059_t1.jpg,16_jpg.rf.l6oWfPuoXZU63dZombW3.jpg,是,SIFT,61.0,-,0.5333,0.0,0.9992,✅
train_0060_t0.jpg,170_jpg.rf.Gxgv1eFIyjrDBshElEsA.jpg,是,SIFT,255.0,-,0.5333,-0.0,0.9981,✅
train_0060_t1.jpg,170_jpg.rf.Gxgv1eFIyjrDBshElEsA.jpg,是,SIFT,199.0,-,0.5334,-0.0,0.9981,✅
train_0060_t2.jpg,170_jpg.rf.Gxgv1eFIyjrDBshElEsA.jpg,是,SIFT,160.0,-,0.5333,0.0,0.9988,✅
train_0061_t0.jpg,170_jpg.rf.U44WnXEItb8mrQ9ctn2K.jpg,是,SIFT,448.0,-,0.3474,0.0,0.996,✅
train_0062_t0.jpg,172_jpg.rf.L6GPNmKM9Ei7dINc0HAG.jpg,是,SIFT,280.0,-,0.5333,-0.0,0.9962,✅
train_0063_t0.jpg,172_jpg.rf.RpNr73ACOp3jzDI92lAI.jpg,是,SIFT,333.0,-,0.3474,0.0,0.9981,✅
train_0064_t0.jpg,173_jpg.rf.UH30YittpYPFDpO0vNLg.jpg,是,SIFT,486.0,-,0.5333,0.0,0.9961,✅
train_0065_t0.jpg,174_jpg.rf.bF3PTLniCVcbv6iNsfzy.jpg,是,SIFT,302.0,-,0.5333,-0.0,0.9976,✅
train_0065_t1.jpg,174_jpg.rf.bF3PTLniCVcbv6iNsfzy.jpg,是,SIFT,266.0,-,0.5333,-0.0,0.9986,✅
train_0065_t2.jpg,174_jpg.rf.bF3PTLniCVcbv6iNsfzy.jpg,是,SIFT,138.0,-,0.5333,0.0,0.9979,✅
train_0066_t0.jpg,175_jpg.rf.f0BqyUz8t6NjAE7GGrOw.jpg,是,SIFT,182.0,-,0.5333,0.0,0.9986,✅
train_0066_t1.jpg,175_jpg.rf.f0BqyUz8t6NjAE7GGrOw.jpg,是,SIFT,113.0,-,0.5333,-0.0,0.998,✅
train_0067_t0.jpg,176_jpg.rf.Yy4r0m2drX4QMjXpOseS.jpg,是,SIFT,189.0,-,0.5333,-0.01,0.9987,✅
train_0067_t1.jpg,176_jpg.rf.Yy4r0m2drX4QMjXpOseS.jpg,是,SIFT,191.0,-,0.5334,-0.01,0.9959,✅
train_0068_t0.jpg,177_jpg.rf.FF0djvQ1bc5K2U5mLRek.jpg,是,SIFT,103.0,-,0.5333,0.01,0.9976,✅
train_0068_t1.jpg,177_jpg.rf.FF0djvQ1bc5K2U5mLRek.jpg,是,SIFT,202.0,-,0.5333,0.0,0.9982,✅
train_0068_t2.jpg,177_jpg.rf.FF0djvQ1bc5K2U5mLRek.jpg,是,SIFT,147.0,-,0.5333,0.0,0.9989,✅
train_0069_t0.jpg,179_jpg.rf.r3P04EwezFFTHyTDaQzn.jpg,是,SIFT,251.0,-,0.5333,0.01,0.9979,✅
train_0069_t1.jpg,179_jpg.rf.r3P04EwezFFTHyTDaQzn.jpg,是,SIFT,265.0,-,0.5334,-0.0,0.9987,✅
train_0070_t0.jpg,17_jpg.rf.ErmQTOdXDjdqSWwnuls9.jpg,是,SIFT,378.0,-,0.5333,0.0,0.998,✅
train_0070_t1.jpg,17_jpg.rf.ErmQTOdXDjdqSWwnuls9.jpg,是,SIFT,420.0,-,0.5333,0.0,0.9975,✅
train_0071_t0.jpg,180_jpg.rf.iEsVLQcnhg3Q0JBVq6tf.jpg,是,SIFT,335.0,-,0.5333,-0.0,0.9984,✅
train_0071_t1.jpg,180_jpg.rf.iEsVLQcnhg3Q0JBVq6tf.jpg,是,SIFT,325.0,-,0.5333,0.0,0.9984,✅
train_0072_t0.jpg,180_jpg.rf.MBV4hArYcwdO1evut4dy.jpg,是,SIFT,219.0,-,0.5333,0.01,0.9989,✅
train_0073_t0.jpg,182_jpg.rf.p4r1kKnerl8QDZLemlu1.jpg,是,SIFT,534.0,-,0.3474,0.0,0.997,✅
train_0073_t1.jpg,182_jpg.rf.p4r1kKnerl8QDZLemlu1.jpg,是,SIFT,490.0,-,0.3474,0.0,0.9973,✅
train_0073_t2.jpg,182_jpg.rf.p4r1kKnerl8QDZLemlu1.jpg,是,SIFT,268.0,-,0.3474,0.01,0.9972,✅
train_0074_t0.jpg,183_jpg.rf.PwFYdzFujd17AkBrrB5m.jpg,是,SIFT,200.0,-,0.5333,0.0,0.9989,✅
train_0074_t1.jpg,183_jpg.rf.PwFYdzFujd17AkBrrB5m.jpg,是,SIFT,139.0,-,0.5333,0.01,0.9988,✅
train_0074_t2.jpg,183_jpg.rf.PwFYdzFujd17AkBrrB5m.jpg,是,SIFT,111.0,-,0.5332,-0.01,0.9983,✅
train_0075_t0.jpg,184_jpg.rf.cEWuTgwqF4ikj5vg52EC.jpg,是,SIFT,375.0,-,0.3474,0.0,0.9975,✅
train_0076_t0.jpg,187_jpg.rf.0YqOibKwD10uHaPPoUnk.jpg,是,SIFT,188.0,-,0.5333,-0.0,0.9983,✅
train_0077_t0.jpg,188_jpg.rf.iwb3BMFuKvOtpPt2dMmt.jpg,是,SIFT,300.0,-,0.5334,-0.01,0.9983,✅
train_0077_t1.jpg,188_jpg.rf.iwb3BMFuKvOtpPt2dMmt.jpg,是,SIFT,184.0,-,0.5333,0.0,0.9986,✅
train_0077_t2.jpg,188_jpg.rf.iwb3BMFuKvOtpPt2dMmt.jpg,是,SIFT,319.0,-,0.5333,0.0,0.9987,✅
train_0078_t0.jpg,189_jpg.rf.KU6jcqv455anpxCdZ1d8.jpg,是,SIFT,254.0,-,0.8028,-0.01,0.9982,✅
train_0079_t0.jpg,18_jpg.rf.8Ue9ClKI5OQ190wcW59U.jpg,是,SIFT,190.0,-,0.5333,-0.0,0.9987,✅
train_0079_t1.jpg,18_jpg.rf.8Ue9ClKI5OQ190wcW59U.jpg,是,SIFT,155.0,-,0.5334,-0.01,0.9988,✅
train_0080_t0.jpg,18_jpg.rf.dUUj5QuMXB9KfjtwAQL2.jpg,是,SIFT,225.0,-,0.5333,-0.0,0.9986,✅
train_0081_t0.jpg,190_jpg.rf.OBvC0TAlj4QeFgP6vxF7.jpg,是,SIFT,231.0,-,0.5333,-0.0,0.998,✅
train_0081_t1.jpg,190_jpg.rf.OBvC0TAlj4QeFgP6vxF7.jpg,是,SIFT,178.0,-,0.5333,-0.0,0.9976,✅
train_0081_t2.jpg,190_jpg.rf.OBvC0TAlj4QeFgP6vxF7.jpg,是,SIFT,196.0,-,0.5334,-0.0,0.998,✅
train_0082_t0.jpg,280_jpg.rf.8jQWnH4mx5WgNBaDu1Ks.jpg,是,SIFT,202.0,-,0.5333,-0.01,0.9987,✅
train_0083_t0.jpg,196_jpg.rf.AilFvjJ6KQxRBjeuC0y4.jpg,是,SIFT,178.0,-,0.5333,0.0,0.9989,✅
train_0084_t0.jpg,3_jpg.rf.QArFeqQ6v9m2CRs9XZjm.jpg,是,SIFT,204.0,-,0.3475,-0.01,0.9988,✅
train_0085_t0.jpg,20_jpg.rf.uWnvJk2th5oPVVgFZG2p.jpg,是,SIFT,161.0,-,0.5333,0.01,0.9973,✅
train_0085_t1.jpg,20_jpg.rf.uWnvJk2th5oPVVgFZG2p.jpg,是,SIFT,190.0,-,0.5333,-0.0,0.9971,✅
train_0085_t2.jpg,20_jpg.rf.uWnvJk2th5oPVVgFZG2p.jpg,是,SIFT,104.0,-,0.5333,-0.01,0.9967,✅
train_0085_t3.jpg,20_jpg.rf.uWnvJk2th5oPVVgFZG2p.jpg,是,SIFT,147.0,-,0.5335,0.0,0.9971,✅
train_0086_t0.jpg,21_jpg.rf.IUwHSwFpvA8NdquhNTKQ.jpg,是,SIFT,148.0,-,0.5333,-0.0,0.9991,✅
train_0087_t0.jpg,21_jpg.rf.R4OCHGfKVIJekSxfpjZc.jpg,是,SIFT,263.0,-,0.5333,-0.02,0.9966,✅
train_0087_t1.jpg,21_jpg.rf.R4OCHGfKVIJekSxfpjZc.jpg,是,SIFT,310.0,-,0.5333,-0.0,0.9987,✅
train_0087_t2.jpg,21_jpg.rf.R4OCHGfKVIJekSxfpjZc.jpg,是,SIFT,287.0,-,0.5333,0.0,0.9981,✅
train_0088_t0.jpg,224_jpg.rf.FQ3SGmK4MRFRWRbLI8Ew.jpg,是,SIFT,380.0,-,0.3474,-0.01,0.9975,✅
train_0089_t0.jpg,22_jpg.rf.Lhr7wto4XyGVLnQBBcbL.jpg,是,SIFT,166.0,-,0.5333,-0.0,0.999,✅
train_0090_t0.jpg,22_jpg.rf.e66FYJQZxzC5cJBiprXl.jpg,是,SIFT,476.0,-,0.5333,0.0,0.9983,✅
train_0090_t1.jpg,22_jpg.rf.e66FYJQZxzC5cJBiprXl.jpg,是,SIFT,510.0,-,0.5333,-0.0,0.9975,✅
train_0090_t2.jpg,22_jpg.rf.e66FYJQZxzC5cJBiprXl.jpg,是,SIFT,319.0,-,0.5333,-0.0,0.9978,✅
train_0091_t0.jpg,236_jpg.rf.uQq4PBjStRXSFUZzdeA3.jpg,是,SIFT,167.0,-,0.5333,0.0,0.9984,✅
train_0092_t0.jpg,237_jpg.rf.rX5y5CXrWZaia9kLbWpt.jpg,是,SIFT,401.0,-,0.811,-0.0,0.9978,✅
train_0093_t0.jpg,23_jpg.rf.nxKbSRiNbWylCB0PsQDm.jpg,是,SIFT,169.0,-,0.5333,0.02,0.9979,✅
train_0094_t0.jpg,23_jpg.rf.YqUlVCuW8raj9eq9auBv.jpg,是,SIFT,358.0,-,0.8213,0.0,0.9964,✅
train_0095_t0.jpg,29_jpg.rf.GX9TxaoHXJIIaPTpp1L8.jpg,是,SIFT,239.0,-,0.5334,-0.0,0.9988,✅
train_0096_t0.jpg,24_jpg.rf.3oB7FVhtnm9IiB2i6Iv9.jpg,是,SIFT,143.0,-,0.5333,-0.01,0.9977,✅
train_0096_t1.jpg,24_jpg.rf.3oB7FVhtnm9IiB2i6Iv9.jpg,是,SIFT,134.0,-,0.5333,-0.0,0.9981,✅
train_0096_t2.jpg,24_jpg.rf.3oB7FVhtnm9IiB2i6Iv9.jpg,是,SIFT,84.0,-,0.5333,-0.01,0.9977,✅
train_0096_t3.jpg,24_jpg.rf.3oB7FVhtnm9IiB2i6Iv9.jpg,是,SIFT,135.0,-,0.5331,0.0,0.9954,✅
train_0097_t0.jpg,252_jpg.rf.XdUUPMIFxqPacsHLfmZq.jpg,是,SIFT,270.0,-,0.8113,-0.0,0.9971,✅
train_0098_t0.jpg,25_jpg.rf.YdItq0XeLQoXS7oHmItp.jpg,是,SIFT,171.0,-,0.5332,-0.01,0.9965,✅
train_0098_t1.jpg,25_jpg.rf.YdItq0XeLQoXS7oHmItp.jpg,是,SIFT,215.0,-,0.5333,0.0,0.9983,✅
train_0098_t2.jpg,25_jpg.rf.YdItq0XeLQoXS7oHmItp.jpg,是,SIFT,261.0,-,0.5333,-0.0,0.9985,✅
train_0099_t0.jpg,262_jpg.rf.Eozgl5PsKa16QY8PWf11.jpg,是,SIFT,226.0,-,0.5333,-0.0,0.999,✅
train_0100_t0.jpg,267_jpg.rf.gaCBE4wbwchHVAvIU3sk.jpg,是,SIFT,241.0,-,0.5333,0.0,0.9986,✅
train_0101_t0.jpg,26_jpg.rf.K4IQ538cBB8w1qArxEsM.jpg,是,SIFT,218.0,-,0.5334,-0.0,0.9984,✅
train_0101_t1.jpg,26_jpg.rf.K4IQ538cBB8w1qArxEsM.jpg,是,SIFT,121.0,-,0.5334,0.0,0.9985,✅
train_0101_t2.jpg,26_jpg.rf.K4IQ538cBB8w1qArxEsM.jpg,是,SIFT,177.0,-,0.5333,0.0,0.9986,✅
train_0101_t3.jpg,26_jpg.rf.K4IQ538cBB8w1qArxEsM.jpg,是,SIFT,196.0,-,0.5333,-0.02,0.9981,✅
train_0102_t0.jpg,27_jpg.rf.2L4EQCrDObgBuMzJcS4j.jpg,是,SIFT,221.0,-,0.5333,-0.0,0.9983,✅
train_0102_t1.jpg,27_jpg.rf.2L4EQCrDObgBuMzJcS4j.jpg,是,SIFT,190.0,-,0.5333,-0.0,0.9982,✅
train_0102_t2.jpg,27_jpg.rf.2L4EQCrDObgBuMzJcS4j.jpg,是,SIFT,185.0,-,0.5332,0.0,0.9974,✅
train_0103_t0.jpg,281_jpg.rf.L1l41sbw8M7UgkwCiVxh.jpg,是,SIFT,168.0,-,0.5333,0.01,0.9987,✅
train_0104_t0.jpg,28_jpg.rf.yckZZ4Y3NHIiE6EeWDof.jpg,是,SIFT,185.0,-,0.5332,0.01,0.9985,✅
train_0104_t1.jpg,28_jpg.rf.yckZZ4Y3NHIiE6EeWDof.jpg,是,SIFT,189.0,-,0.5335,0.01,0.9956,✅
train_0104_t2.jpg,28_jpg.rf.yckZZ4Y3NHIiE6EeWDof.jpg,是,SIFT,290.0,-,0.5333,-0.0,0.9987,✅
train_0105_t0.jpg,29_jpg.rf.hwqPnyU1M6g9b4r4ZVwa.jpg,是,SIFT,99.0,-,0.5334,-0.0,0.9979,✅
train_0105_t1.jpg,29_jpg.rf.hwqPnyU1M6g9b4r4ZVwa.jpg,是,SIFT,239.0,-,0.5333,-0.0,0.9983,✅
train_0105_t2.jpg,29_jpg.rf.hwqPnyU1M6g9b4r4ZVwa.jpg,是,SIFT,169.0,-,0.5333,0.0,0.999,✅
train_0106_t0.jpg,50_jpg.rf.9ZFqoVKOCjP6pa9D3tHA.jpg,是,SIFT,89.0,-,0.5333,-0.01,0.9983,✅
train_0107_t0.jpg,309_jpg.rf.mtLxaGTewqdVcYu8KVPy.jpg,是,SIFT,335.0,-,0.8145,-0.01,0.9954,✅
train_0108_t0.jpg,30_jpg.rf.aBnHJFgaj0Zw6ESn4odC.jpg,是,SIFT,359.0,-,0.8129,-0.0,0.9971,✅
train_0108_t1.jpg,30_jpg.rf.aBnHJFgaj0Zw6ESn4odC.jpg,是,SIFT,207.0,-,0.8129,-0.01,0.9978,✅
train_0109_t0.jpg,314_jpg.rf.UOo616EhNr1arlkVy6pT.jpg,是,SIFT,174.0,-,0.5334,-0.02,0.9988,✅
train_0110_t0.jpg,316_jpg.rf.4oNSuebmWSaSaHOS6306.jpg,是,SIFT,180.0,-,0.5333,0.0,0.9984,✅
train_0111_t0.jpg,319_jpg.rf.H5QxVjla5sD5Rg9f0AT5.jpg,是,SIFT,174.0,-,0.5332,0.0,0.9987,✅
train_0112_t0.jpg,31_jpg.rf.oX4lhIcug5Kwm6TCgWPe.jpg,是,SIFT,162.0,-,0.5334,-0.0,0.9989,✅
train_0112_t1.jpg,31_jpg.rf.oX4lhIcug5Kwm6TCgWPe.jpg,是,SIFT,216.0,-,0.5333,0.0,0.9989,✅
train_0113_t0.jpg,32_jpg.rf.EFODRKiHdgETh9IN6Qij.jpg,是,SIFT,281.0,-,0.3474,0.0,0.9982,✅
train_0114_t0.jpg,333_jpg.rf.Pazr0Hd0C8Ih18XsvGQX.jpg,是,SIFT,130.0,-,0.3475,0.01,0.9985,✅
train_0115_t0.jpg,335_jpg.rf.VSc3QvV4LiGTkYpWY8J5.jpg,是,SIFT,286.0,-,0.3474,0.0,0.9981,✅
train_0116_t0.jpg,33_jpg.rf.Vxt2XHnhpAkisL8n5k5h.jpg,是,SIFT,201.0,-,0.5333,0.0,0.998,✅
train_0116_t1.jpg,33_jpg.rf.Vxt2XHnhpAkisL8n5k5h.jpg,是,SIFT,227.0,-,0.5333,0.0,0.9983,✅
train_0116_t2.jpg,33_jpg.rf.Vxt2XHnhpAkisL8n5k5h.jpg,是,SIFT,268.0,-,0.5333,-0.01,0.9983,✅
train_0117_t0.jpg,34_jpg.rf.fiYtX6yoD73Kc9d6zZVW.jpg,是,SIFT,292.0,-,0.3474,-0.0,0.9978,✅
train_0117_t1.jpg,34_jpg.rf.fiYtX6yoD73Kc9d6zZVW.jpg,是,SIFT,333.0,-,0.3473,-0.01,0.9916,✅
train_0118_t0.jpg,35_jpg.rf.rxztBb7D8sZR3PErdeUY.jpg,是,SIFT,98.0,-,0.5333,-0.0,0.9984,✅
train_0118_t1.jpg,35_jpg.rf.rxztBb7D8sZR3PErdeUY.jpg,是,SIFT,66.0,-,0.5333,0.03,0.9986,✅
train_0118_t2.jpg,35_jpg.rf.rxztBb7D8sZR3PErdeUY.jpg,是,SIFT,76.0,-,0.5334,-0.0,0.9982,✅
train_0118_t3.jpg,35_jpg.rf.rxztBb7D8sZR3PErdeUY.jpg,是,SIFT,70.0,-,0.5333,-0.0,0.9984,✅
train_0119_t0.jpg,375_jpg.rf.BLrFKpqrdSFK4Q3BNccc.jpg,是,SIFT,197.0,-,0.5333,-0.0,0.9989,✅
train_0120_t0.jpg,82_jpg.rf.GfpuGbem1D5Oc2mKISj6.jpg,是,SIFT,296.0,-,0.3474,0.09,0.9961,✅
train_0121_t0.jpg,389_jpg.rf.7d3cdMnnG6zhIJLxuKAB.jpg,是,SIFT,194.0,-,0.5334,-0.0,0.9987,✅
train_0122_t0.jpg,38_jpg.rf.Z7hAILmQxetsz8LDVTpi.jpg,是,SIFT,68.0,-,0.5333,0.01,0.9987,✅
train_0122_t1.jpg,38_jpg.rf.Z7hAILmQxetsz8LDVTpi.jpg,是,SIFT,65.0,-,0.5333,0.01,0.9986,✅
train_0122_t2.jpg,38_jpg.rf.Z7hAILmQxetsz8LDVTpi.jpg,,SIFT,,,,,0.9846,❌ 未還原（已移到 _review，CLAHE組也要剔除這張）
train_0122_t3.jpg,38_jpg.rf.Z7hAILmQxetsz8LDVTpi.jpg,是,SIFT,77.0,-,0.5333,0.01,0.9981,✅
train_0123_t0.jpg,396_jpg.rf.cilEfUTMwPK07063SDH0.jpg,是,SIFT,209.0,-,0.5333,-0.0,0.9985,✅
train_0124_t0.jpg,41_jpg.rf.k4vBVFfQpOdyIsqd3mCz.jpg,是,SIFT,310.0,-,0.5333,0.01,0.9981,✅
train_0124_t1.jpg,41_jpg.rf.k4vBVFfQpOdyIsqd3mCz.jpg,是,SIFT,273.0,-,0.5333,-0.0,0.9981,✅
train_0125_t0.jpg,42_jpg.rf.W8Npjron5qYORvc1SsDk.jpg,是,SIFT,271.0,-,0.5333,-0.0,0.9985,✅
train_0125_t1.jpg,42_jpg.rf.W8Npjron5qYORvc1SsDk.jpg,是,SIFT,221.0,-,0.5333,-0.01,0.9983,✅
train_0125_t2.jpg,42_jpg.rf.W8Npjron5qYORvc1SsDk.jpg,是,SIFT,210.0,-,0.5333,-0.0,0.998,✅
train_0125_t3.jpg,42_jpg.rf.W8Npjron5qYORvc1SsDk.jpg,是,SIFT,112.0,-,0.5334,-0.0,0.9973,✅
train_0126_t0.jpg,43_jpg.rf.60YwM7raRUelPWEty02v.jpg,是,SIFT,90.0,-,0.5333,-0.01,0.9986,✅
train_0126_t1.jpg,43_jpg.rf.60YwM7raRUelPWEty02v.jpg,是,SIFT,44.0,-,0.5333,0.0,0.9982,✅
train_0126_t2.jpg,43_jpg.rf.60YwM7raRUelPWEty02v.jpg,是,SIFT,108.0,-,0.5333,0.0,0.9984,✅
train_0126_t3.jpg,43_jpg.rf.60YwM7raRUelPWEty02v.jpg,是,SIFT,97.0,-,0.5333,-0.01,0.9978,✅
train_0126_t4.jpg,43_jpg.rf.60YwM7raRUelPWEty02v.jpg,是,SIFT,57.0,-,0.5336,-0.0,0.9945,✅
train_0127_t0.jpg,44_jpg.rf.OrHGTFtDTO2i94ZeYUlZ.jpg,是,SIFT,302.0,-,0.5333,-0.0,0.9986,✅
train_0127_t1.jpg,44_jpg.rf.OrHGTFtDTO2i94ZeYUlZ.jpg,是,SIFT,199.0,-,0.5333,0.0,0.9984,✅
train_0127_t2.jpg,44_jpg.rf.OrHGTFtDTO2i94ZeYUlZ.jpg,是,SIFT,114.0,-,0.5327,0.01,0.9918,✅
train_0128_t0.jpg,45_jpg.rf.MMWvsIcVmSDaFyNofCqQ.jpg,是,SIFT,122.0,-,0.5333,-0.01,0.9987,✅
train_0128_t1.jpg,45_jpg.rf.MMWvsIcVmSDaFyNofCqQ.jpg,是,SIFT,162.0,-,0.5333,0.01,0.9986,✅
train_0128_t2.jpg,45_jpg.rf.MMWvsIcVmSDaFyNofCqQ.jpg,是,SIFT,111.0,-,0.5333,-0.01,0.9985,✅
train_0129_t0.jpg,46_jpg.rf.oKUB9c3MnnrfVqrHil9g.jpg,是,SIFT,114.0,-,0.3711,-0.01,0.9957,✅
train_0129_t1.jpg,46_jpg.rf.oKUB9c3MnnrfVqrHil9g.jpg,是,SIFT,159.0,-,0.371,0.0,0.995,✅
train_0129_t2.jpg,46_jpg.rf.oKUB9c3MnnrfVqrHil9g.jpg,是,SIFT,136.0,-,0.371,0.02,0.9951,✅
train_0129_t3.jpg,46_jpg.rf.oKUB9c3MnnrfVqrHil9g.jpg,是,SIFT,144.0,-,0.3711,0.0,0.9954,✅
train_0129_t4.jpg,46_jpg.rf.oKUB9c3MnnrfVqrHil9g.jpg,是,SIFT,82.0,-,0.3711,-0.01,0.9942,✅
train_0130_t0.jpg,47_jpg.rf.ESBMc9kB6BzwEnMRrDqX.jpg,是,SIFT,446.0,-,0.8116,-0.0,0.9973,✅
train_0131_t0.jpg,47_jpg.rf.Bhb0yLOorNaEcniupN2m.jpg,是,SIFT,235.0,-,0.373,0.0,0.995,✅
train_0131_t1.jpg,47_jpg.rf.Bhb0yLOorNaEcniupN2m.jpg,是,SIFT,172.0,-,0.373,0.0,0.9927,✅
train_0131_t2.jpg,47_jpg.rf.Bhb0yLOorNaEcniupN2m.jpg,是,SIFT,171.0,-,0.373,0.0,0.9962,✅
train_0132_t0.jpg,48_jpg.rf.0j0yaPlfhUgKM6GjxgDt.jpg,是,SIFT,209.0,-,0.5333,-0.0,0.9987,✅
train_0132_t1.jpg,48_jpg.rf.0j0yaPlfhUgKM6GjxgDt.jpg,是,SIFT,264.0,-,0.5333,-0.0,0.9985,✅
train_0133_t0.jpg,50_jpg.rf.AiCRGz3edgO7di7KC0VZ.jpg,是,SIFT,320.0,-,0.8028,0.0,0.9942,✅
train_0134_t0.jpg,51_jpg.rf.RUhSxVm2mhhIFkpM3Ff8.jpg,是,SIFT,393.0,-,0.8226,0.0,0.9958,✅
train_0135_t0.jpg,52_jpg.rf.83z9smu95Fxgyry8bzt1.jpg,是,SIFT,216.0,-,0.5333,-0.0,0.9991,✅
train_0135_t1.jpg,52_jpg.rf.83z9smu95Fxgyry8bzt1.jpg,是,SIFT,200.0,-,0.5333,-0.0,0.9985,✅
train_0135_t2.jpg,52_jpg.rf.83z9smu95Fxgyry8bzt1.jpg,是,SIFT,182.0,-,0.5333,-0.0,0.9993,✅
train_0136_t0.jpg,53_jpg.rf.ZgvZFQZpDfOV13XJKCR7.jpg,是,SIFT,241.0,-,0.5333,0.0,0.9979,✅
train_0136_t1.jpg,53_jpg.rf.ZgvZFQZpDfOV13XJKCR7.jpg,是,SIFT,233.0,-,0.5333,0.0,0.9986,✅
train_0137_t0.jpg,54_jpg.rf.hDzYTtPzZ2avrtws6FCA.jpg,是,SIFT,98.0,-,0.5333,0.0,0.9985,✅
train_0137_t1.jpg,54_jpg.rf.hDzYTtPzZ2avrtws6FCA.jpg,是,SIFT,130.0,-,0.5334,0.0,0.9982,✅
train_0137_t2.jpg,54_jpg.rf.hDzYTtPzZ2avrtws6FCA.jpg,是,SIFT,89.0,-,0.5333,0.01,0.9975,✅
train_0137_t3.jpg,54_jpg.rf.hDzYTtPzZ2avrtws6FCA.jpg,是,SIFT,60.0,-,0.5335,0.0,0.9963,✅
train_0138_t0.jpg,56_jpg.rf.aHM5ptHqJPwdS7LClBtQ.jpg,是,SIFT,179.0,-,0.5333,0.01,0.9981,✅
train_0138_t1.jpg,56_jpg.rf.aHM5ptHqJPwdS7LClBtQ.jpg,是,SIFT,172.0,-,0.5333,-0.0,0.9979,✅
train_0139_t0.jpg,57_jpg.rf.cv2DG9UVBiE0GbOtRYFV.jpg,是,SIFT,292.0,-,0.5334,0.0,0.9983,✅
train_0139_t1.jpg,57_jpg.rf.cv2DG9UVBiE0GbOtRYFV.jpg,是,SIFT,195.0,-,0.5333,0.0,0.9989,✅
train_0140_t0.jpg,58_jpg.rf.PkZlRW8RYCkuHm1byh6m.jpg,是,SIFT,121.0,-,0.5334,0.02,0.9985,✅
train_0140_t1.jpg,58_jpg.rf.PkZlRW8RYCkuHm1byh6m.jpg,是,SIFT,160.0,-,0.5333,0.0,0.9987,✅
train_0140_t2.jpg,58_jpg.rf.PkZlRW8RYCkuHm1byh6m.jpg,是,SIFT,170.0,-,0.5333,0.0,0.9986,✅
train_0141_t0.jpg,60_jpg.rf.gGAL92Nn6WJIkvJQyEjo.jpg,是,SIFT,109.0,-,0.5333,-0.0,0.9986,✅
train_0141_t1.jpg,60_jpg.rf.gGAL92Nn6WJIkvJQyEjo.jpg,是,SIFT,87.0,-,0.5333,0.02,0.9986,✅
train_0141_t2.jpg,60_jpg.rf.gGAL92Nn6WJIkvJQyEjo.jpg,是,SIFT,97.0,-,0.5333,-0.02,0.9988,✅
train_0141_t3.jpg,60_jpg.rf.gGAL92Nn6WJIkvJQyEjo.jpg,是,SIFT,91.0,-,0.5333,0.0,0.9986,✅
train_0142_t0.jpg,61_jpg.rf.mXCHH5V8gTm3s06WlJtd.jpg,是,SIFT,102.0,-,0.5333,-0.0,0.9982,✅
train_0142_t1.jpg,61_jpg.rf.mXCHH5V8gTm3s06WlJtd.jpg,是,SIFT,96.0,-,0.5333,-0.01,0.9985,✅
train_0142_t2.jpg,61_jpg.rf.mXCHH5V8gTm3s06WlJtd.jpg,是,SIFT,99.0,-,0.5333,-0.0,0.9987,✅
train_0142_t3.jpg,61_jpg.rf.mXCHH5V8gTm3s06WlJtd.jpg,是,SIFT,62.0,-,0.5333,0.01,0.9962,✅
train_0143_t0.jpg,61_jpg.rf.cSA5TVpE35TtpMr5f1zK.jpg,是,SIFT,262.0,-,0.5333,-0.0,0.9983,✅
train_0144_t0.jpg,62_jpg.rf.CBqVbMDqE8DFXg7OexjQ.jpg,是,SIFT,184.0,-,0.7874,-0.01,0.9936,✅
train_0144_t1.jpg,62_jpg.rf.CBqVbMDqE8DFXg7OexjQ.jpg,是,SIFT,185.0,-,0.7874,-0.01,0.9918,✅
train_0144_t2.jpg,62_jpg.rf.CBqVbMDqE8DFXg7OexjQ.jpg,是,SIFT,162.0,-,0.7875,0.01,0.9928,✅
train_0144_t3.jpg,62_jpg.rf.CBqVbMDqE8DFXg7OexjQ.jpg,是,SIFT,170.0,-,0.7875,0.0,0.9929,✅
train_0144_t4.jpg,62_jpg.rf.CBqVbMDqE8DFXg7OexjQ.jpg,是,SIFT,222.0,-,0.7876,-0.0,0.9954,✅
train_0145_t0.jpg,145_jpg.rf.TpNw0O6EbtVLbSVm37Sh.jpg,是,SIFT,156.0,-,0.5333,0.0,0.999,✅
train_0146_t0.jpg,63_jpg.rf.6IWl7ekdYdGIwjwbpuOy.jpg,是,SIFT,207.0,-,0.3475,0.01,0.9971,✅
train_0146_t1.jpg,63_jpg.rf.6IWl7ekdYdGIwjwbpuOy.jpg,是,SIFT,219.0,-,0.3475,-0.01,0.9968,✅
train_0146_t2.jpg,63_jpg.rf.6IWl7ekdYdGIwjwbpuOy.jpg,是,SIFT,176.0,-,0.3474,0.01,0.9971,✅
train_0146_t3.jpg,63_jpg.rf.6IWl7ekdYdGIwjwbpuOy.jpg,是,SIFT,231.0,-,0.3474,0.0,0.9976,✅
train_0147_t0.jpg,64_jpg.rf.HNvFoGzJXrZCjOnLHY3X.jpg,是,SIFT,195.0,-,0.5333,0.01,0.9985,✅
train_0147_t1.jpg,64_jpg.rf.HNvFoGzJXrZCjOnLHY3X.jpg,是,SIFT,164.0,-,0.5321,-0.08,0.9969,✅
train_0147_t2.jpg,64_jpg.rf.HNvFoGzJXrZCjOnLHY3X.jpg,是,SIFT,242.0,-,0.5333,-0.01,0.9984,✅
train_0148_t0.jpg,66_jpg.rf.miVPy0cCmqVV1HC56Rqr.jpg,是,SIFT,188.0,-,0.5333,0.0,0.9982,✅
train_0148_t1.jpg,66_jpg.rf.miVPy0cCmqVV1HC56Rqr.jpg,是,SIFT,151.0,-,0.5333,0.0,0.9983,✅
train_0148_t2.jpg,66_jpg.rf.miVPy0cCmqVV1HC56Rqr.jpg,是,SIFT,82.0,-,0.5332,0.0,0.9971,✅
train_0149_t0.jpg,66_jpg.rf.JkbUfaAR4OAPB6bDgh29.jpg,是,SIFT,138.0,-,0.5334,-0.0,0.9989,✅
train_0150_t0.jpg,67_jpg.rf.VQnKgbZPVaNoXwNDcbLr.jpg,是,SIFT,122.0,-,0.5333,-0.01,0.9986,✅
train_0150_t1.jpg,67_jpg.rf.VQnKgbZPVaNoXwNDcbLr.jpg,是,SIFT,155.0,-,0.5333,0.01,0.9986,✅
train_0150_t2.jpg,67_jpg.rf.VQnKgbZPVaNoXwNDcbLr.jpg,是,SIFT,82.0,-,0.5333,0.02,0.9982,✅
train_0151_t0.jpg,68_jpg.rf.0rWAfo2f1FCLdlD5T5jI.jpg,是,SIFT,107.0,-,0.5333,-0.0,0.9985,✅
train_0152_t0.jpg,69_jpg.rf.2GwcJQEk5IBhzCOJlhAh.jpg,是,SIFT,81.0,-,0.5333,0.01,0.9984,✅
train_0152_t1.jpg,69_jpg.rf.2GwcJQEk5IBhzCOJlhAh.jpg,是,SIFT,100.0,-,0.5334,-0.0,0.9984,✅
train_0152_t2.jpg,69_jpg.rf.2GwcJQEk5IBhzCOJlhAh.jpg,是,SIFT,202.0,-,0.5333,-0.0,0.9985,✅
train_0153_t0.jpg,73_jpg.rf.x0s8OFche9t9NRNZi1Tj.jpg,是,SIFT,165.0,-,0.5333,-0.01,0.9985,✅
train_0154_t0.jpg,75_jpg.rf.3W27ihzVDU92Te01ywbe.jpg,是,SIFT,330.0,-,0.3474,-0.0,0.9983,✅
train_0155_t0.jpg,76_jpg.rf.FlanJj3tJzyqRYhFcn1S.jpg,是,SIFT,207.0,-,0.5333,-0.0,0.9985,✅
train_0155_t1.jpg,76_jpg.rf.FlanJj3tJzyqRYhFcn1S.jpg,是,SIFT,238.0,-,0.5333,0.0,0.9981,✅
train_0156_t0.jpg,78_jpg.rf.IQqkMmgabjdBsUib04s2.jpg,是,SIFT,205.0,-,0.5333,0.01,0.9987,✅
train_0157_t0.jpg,78_jpg.rf.d8MorItwzn1vmFMEGrOC.jpg,是,SIFT,139.0,-,0.5333,-0.01,0.9986,✅
train_0157_t1.jpg,78_jpg.rf.d8MorItwzn1vmFMEGrOC.jpg,是,SIFT,127.0,-,0.5333,0.0,0.9982,✅
train_0157_t2.jpg,78_jpg.rf.d8MorItwzn1vmFMEGrOC.jpg,是,SIFT,129.0,-,0.5333,0.01,0.9975,✅
train_0157_t3.jpg,78_jpg.rf.d8MorItwzn1vmFMEGrOC.jpg,是,SIFT,62.0,-,0.5334,0.02,0.9977,✅
train_0158_t0.jpg,79_jpg.rf.6dMKZyeXpyYm2wxHjRjY.jpg,是,SIFT,418.0,-,0.5333,0.0,0.9981,✅
train_0158_t1.jpg,79_jpg.rf.6dMKZyeXpyYm2wxHjRjY.jpg,是,SIFT,337.0,-,0.5333,0.01,0.9982,✅
train_0159_t0.jpg,81_jpg.rf.xVh3zp7hl7xeLhQSsijV.jpg,是,SIFT,212.0,-,0.5333,-0.0,0.9988,✅
train_0159_t1.jpg,81_jpg.rf.xVh3zp7hl7xeLhQSsijV.jpg,是,SIFT,284.0,-,0.5333,0.0,0.9988,✅
train_0160_t0.jpg,82_jpg.rf.7iaexPfyPt5tFGWjZfkR.jpg,是,SIFT,95.0,-,0.5333,-0.02,0.9985,✅
train_0161_t0.jpg,82_jpg.rf.ckjJRLR79hPkw7B0Ypc2.jpg,是,SIFT,205.0,-,0.5333,-0.0,0.9982,✅
train_0161_t1.jpg,82_jpg.rf.ckjJRLR79hPkw7B0Ypc2.jpg,是,SIFT,152.0,-,0.5333,0.01,0.9984,✅
train_0162_t0.jpg,83_jpg.rf.7hAESrXzVGfRMCxyuUno.jpg,是,SIFT,212.0,-,0.5333,-0.0,0.9984,✅
train_0163_t0.jpg,84_jpg.rf.GjHSxFvj3jYcL4R04xbw.jpg,是,SIFT,208.0,-,0.5333,-0.0,0.9988,✅
train_0163_t1.jpg,84_jpg.rf.GjHSxFvj3jYcL4R04xbw.jpg,是,SIFT,225.0,-,0.5333,-0.0,0.9986,✅
train_0163_t2.jpg,84_jpg.rf.GjHSxFvj3jYcL4R04xbw.jpg,是,SIFT,230.0,-,0.5333,0.0,0.998,✅
train_0164_t0.jpg,84_jpg.rf.SztiGAKR99eCZm5OouWy.jpg,是,SIFT,282.0,-,0.3473,-0.03,0.9943,✅
train_0165_t0.jpg,85_jpg.rf.uVTv21zq0hjLOG55ahuY.jpg,是,SIFT,83.0,-,0.5333,-0.01,0.9983,✅
train_0165_t1.jpg,85_jpg.rf.uVTv21zq0hjLOG55ahuY.jpg,是,SIFT,116.0,-,0.5334,-0.0,0.9985,✅
train_0165_t2.jpg,85_jpg.rf.uVTv21zq0hjLOG55ahuY.jpg,是,SIFT,156.0,-,0.5333,0.0,0.9983,✅
train_0165_t3.jpg,85_jpg.rf.uVTv21zq0hjLOG55ahuY.jpg,是,SIFT,88.0,-,0.533,0.02,0.9984,✅
train_0166_t0.jpg,85_jpg.rf.kSAuDn5xqoTnX2QRDKeS.jpg,是,SIFT,215.0,-,0.5333,0.0,0.9989,✅
train_0167_t0.jpg,87_jpg.rf.V0rSjsbHfRybKCSPjzq9.jpg,是,SIFT,357.0,-,0.3474,0.0,0.998,✅
train_0167_t1.jpg,87_jpg.rf.V0rSjsbHfRybKCSPjzq9.jpg,是,SIFT,338.0,-,0.3474,-0.01,0.9981,✅
train_0167_t2.jpg,87_jpg.rf.V0rSjsbHfRybKCSPjzq9.jpg,是,SIFT,483.0,-,0.3474,0.0,0.9963,✅
train_0168_t0.jpg,88_jpg.rf.hBh97g6026Yap1d3t74c.jpg,是,SIFT,257.0,-,0.3474,0.0,0.998,✅
train_0168_t1.jpg,88_jpg.rf.hBh97g6026Yap1d3t74c.jpg,是,SIFT,219.0,-,0.3474,0.0,0.9968,✅
train_0168_t2.jpg,88_jpg.rf.hBh97g6026Yap1d3t74c.jpg,是,SIFT,275.0,-,0.3474,-0.01,0.9979,✅
train_0168_t3.jpg,88_jpg.rf.hBh97g6026Yap1d3t74c.jpg,是,SIFT,288.0,-,0.3474,-0.0,0.9973,✅
train_0169_t0.jpg,89_jpg.rf.cKGT46kU63jdCjEe8NFW.jpg,是,SIFT,412.0,-,0.3474,0.01,0.9973,✅
train_0169_t1.jpg,89_jpg.rf.cKGT46kU63jdCjEe8NFW.jpg,是,SIFT,483.0,-,0.3474,0.0,0.9978,✅
train_0169_t2.jpg,89_jpg.rf.cKGT46kU63jdCjEe8NFW.jpg,是,SIFT,469.0,-,0.3474,0.01,0.9968,✅
train_0170_t0.jpg,93_jpg.rf.DPIavjMp7ZT701OfTOmm.jpg,是,SIFT,180.0,-,0.5334,-0.0,0.9985,✅
train_0171_t0.jpg,94_jpg.rf.zpobyPWGRspbMkeEFSkR.jpg,是,SIFT,113.0,-,0.5333,0.01,0.9986,✅
train_0171_t1.jpg,94_jpg.rf.zpobyPWGRspbMkeEFSkR.jpg,是,SIFT,112.0,-,0.5333,-0.01,0.9987,✅
train_0171_t2.jpg,94_jpg.rf.zpobyPWGRspbMkeEFSkR.jpg,是,SIFT,86.0,-,0.5333,0.01,0.9985,✅
train_0172_t0.jpg,94_jpg.rf.qTei0Co2yDWO8XUOSevD.jpg,是,SIFT,140.0,-,0.5333,-0.0,0.999,✅
train_0173_t0.jpg,95_jpg.rf.4G5PE6mLYMXX1M6kYKwt.jpg,是,SIFT,321.0,-,0.8126,0.0,0.996,✅
train_0174_t0.jpg,96_jpg.rf.rQ56nHQi8MxkRv0YKNzC.jpg,是,SIFT,179.0,-,0.5333,-0.0,0.9989,✅
train_0175_t0.jpg,97_jpg.rf.9pSw3gdEjWjoLHxfOJ3n.jpg,是,SIFT,145.0,-,0.794,-0.01,0.9953,✅
train_0175_t1.jpg,97_jpg.rf.9pSw3gdEjWjoLHxfOJ3n.jpg,是,SIFT,90.0,-,0.794,0.0,0.9954,✅
train_0175_t2.jpg,97_jpg.rf.9pSw3gdEjWjoLHxfOJ3n.jpg,是,SIFT,125.0,-,0.794,0.01,0.995,✅
train_0175_t3.jpg,97_jpg.rf.9pSw3gdEjWjoLHxfOJ3n.jpg,是,SIFT,130.0,-,0.794,0.0,0.9954,✅
train_0176_t0.jpg,97_jpg.rf.xFrOz30h9eXKPrAqQMSI.jpg,是,SIFT,303.0,-,0.8115,-0.0,0.9965,✅
train_0177_t0.jpg,98_jpg.rf.cFzUsRMOx8HCHeNxF5Mr.jpg,是,SIFT,225.0,-,0.8024,0.0,0.9936,✅
train_0177_t1.jpg,98_jpg.rf.cFzUsRMOx8HCHeNxF5Mr.jpg,是,SIFT,229.0,-,0.8024,-0.0,0.9936,✅
train_0177_t2.jpg,98_jpg.rf.cFzUsRMOx8HCHeNxF5Mr.jpg,是,SIFT,183.0,-,0.8025,0.0,0.9954,✅
train_0178_t0.jpg,99_jpg.rf.ymTRFEplz4tp3CHxPDGj.jpg,是,SIFT,197.0,-,0.5333,-0.01,0.9985,✅
train_0178_t1.jpg,99_jpg.rf.ymTRFEplz4tp3CHxPDGj.jpg,是,SIFT,272.0,-,0.5333,0.0,0.998,✅
train_0178_t2.jpg,99_jpg.rf.ymTRFEplz4tp3CHxPDGj.jpg,是,SIFT,101.0,-,0.5335,-0.01,0.998,✅
train_0179_t0.jpg,99_jpg.rf.mrJSTunk5a0CRpJGcABi.jpg,,SIFT,,,,,0.9898,❌ 未還原（已移到 _review，CLAHE組也要剔除這張）
