資料集圖片,對應原圖,編號一致,方法,inliers,翻轉,縮放,旋轉deg,NCC(重建CLAHE vs 資料集),狀態,label原位置,候選還原
train\images\train_0001_t0_jpg.rf.17f61a54675a83814280b2e7584093f7.jpg,100_jpg.rf.zBbcITNYiOcvIIxh1qx1.jpg,是,SIFT,186.0,-,0.5334,0.0,0.9979,✅,,
train\images\train_0002_t0_jpg.rf.7795d889db87d337a98816a2dbb6a46b.jpg,102_jpg.rf.cOqGrl79YDBIOZPR7Uk2.jpg,是,SIFT,148.0,-,0.5333,-0.01,0.9978,✅,,
train\images\train_0002_t1_jpg.rf.98fe1eaba32f6648a5a7e75b6af4a446.jpg,102_jpg.rf.cOqGrl79YDBIOZPR7Uk2.jpg,是,SIFT,127.0,-,0.5334,0.01,0.9974,✅,,
train\images\train_0003_t0_jpg.rf.a6f42503595b44432792c2f130aa5830.jpg,270_jpg.rf.Ar0asWU96X6igF23VGqq.jpg,是,SIFT,282.0,-,1.0002,0.01,0.9965,✅,,
train\images\train_0004_t0_jpg.rf.1eee27c79bdc470cc8a278763811c08f.jpg,106_jpg.rf.Iq2cMy4AsimbP7ZrdGhu.jpg,是,SIFT,233.0,-,0.8062,-0.0,0.9927,✅,,
train\images\train_0005_t0_jpg.rf.531673c4052ff0c3dd68d081d1869409.jpg,107_jpg.rf.iN5tqKA8IHgWStPaSDbX.jpg,是,SIFT,175.0,-,0.3474,0.0,0.9972,✅,,
train\images\train_0005_t1_jpg.rf.a576961a56e0a983c687641631c262da.jpg,107_jpg.rf.iN5tqKA8IHgWStPaSDbX.jpg,是,SIFT,250.0,-,0.3474,0.0,0.9971,✅,,
train\images\train_0005_t2_jpg.rf.3a46ab52b478f3ad5f6ae826aea9892b.jpg,107_jpg.rf.iN5tqKA8IHgWStPaSDbX.jpg,是,SIFT,187.0,-,0.3474,-0.01,0.9973,✅,,
train\images\train_0005_t3_jpg.rf.da4f91abe4c591d5b4c0b8099c9ee108.jpg,107_jpg.rf.iN5tqKA8IHgWStPaSDbX.jpg,是,SIFT,355.0,-,0.3474,0.0,0.9967,✅,,
train\images\train_0006_t0_jpg.rf.15e144f50ea0fc27c3f43ae2e431373a.jpg,10_jpg.rf.fqKDmeZqkFWYTfLaPw13.jpg,是,SIFT,205.0,-,0.5333,-0.01,0.9979,✅,,
train\images\train_0007_t0_jpg.rf.715999faf47111e3edcf59bfe308a257.jpg,110_jpg.rf.ikLGqujd4yj9WaZMc80y.jpg,是,SIFT,201.0,-,0.5333,-0.0,0.9981,✅,,
train\images\train_0007_t1_jpg.rf.753d1bf7b50fa1856d06557055767318.jpg,110_jpg.rf.ikLGqujd4yj9WaZMc80y.jpg,是,SIFT,153.0,-,0.5333,-0.01,0.9986,✅,,
train\images\train_0008_t0_jpg.rf.a53809eaeaff89f5a730678f6f768e51.jpg,112_jpg.rf.hx6KRaDs61QlDUfj2rrZ.jpg,是,SIFT,294.0,-,0.3474,0.01,0.9964,✅,,
train\images\train_0009_t0_jpg.rf.3dec3c459a8337b145e3d0767fd20c74.jpg,112_jpg.rf.vBO5PtvKDZ85oYBCMHWb.jpg,是,SIFT,309.0,-,0.5334,0.0,0.9968,✅,,
train\images\train_0009_t1_jpg.rf.53631f623d13c4128f8ca71f24b52c88.jpg,112_jpg.rf.vBO5PtvKDZ85oYBCMHWb.jpg,是,SIFT,240.0,-,0.5333,0.01,0.9969,✅,,
train\images\train_0010_t0_jpg.rf.588b261b0252fde24e15de4640f73039.jpg,113_jpg.rf.v1jFpX0vawrbAEPOi41J.jpg,是,SIFT,272.0,-,0.5333,0.0,0.9971,✅,,
train\images\train_0011_t0_jpg.rf.e5bed40ed37c939cbaca5509ac60ce15.jpg,114_jpg.rf.XBFwZ3rk7pf7CJJ2NL0d.jpg,是,SIFT,391.0,-,0.5334,0.0,0.9983,✅,,
train\images\train_0011_t1_jpg.rf.32800c833e72b12788ef3461da5f2486.jpg,114_jpg.rf.XBFwZ3rk7pf7CJJ2NL0d.jpg,是,SIFT,352.0,-,0.5333,0.01,0.9986,✅,,
train\images\train_0012_t0_jpg.rf.f214df99ab5c0acd9ca8df7c036462e6.jpg,116_jpg.rf.XRFkoomhbVV3XOXw1rZO.jpg,是,SIFT,106.0,-,0.5333,-0.01,0.998,✅,,
train\images\train_0013_t0_jpg.rf.cf2a161aaef1196f4c9f5689fee22df9.jpg,87_jpg.rf.HouoBrbwMPQLLzdpfN2P.jpg,是,SIFT,196.0,-,0.8142,0.0,0.9966,✅,,
train\images\train_0014_t0_jpg.rf.c7af2d4987becda3be7e89909a9f8341.jpg,119_jpg.rf.c3qKseGjhTB6M4qqX9Tw.jpg,是,SIFT,304.0,-,0.8109,-0.02,0.9968,✅,,
train\images\train_0015_t0_jpg.rf.1932862842d0193276c2669dbb840c85.jpg,11_jpg.rf.zEXMWjzub4jdq1N6xLSg.jpg,是,SIFT,204.0,-,0.5333,0.01,0.9984,✅,,
train\images\train_0015_t1_jpg.rf.c8e890341822332d6ce51f3378edfe40.jpg,11_jpg.rf.zEXMWjzub4jdq1N6xLSg.jpg,是,SIFT,123.0,-,0.5332,0.03,0.9966,✅,,
train\images\train_0015_t2_jpg.rf.adb120b01b2d3c59e42e8c362385f899.jpg,11_jpg.rf.zEXMWjzub4jdq1N6xLSg.jpg,是,SIFT,194.0,-,0.5334,0.0,0.9975,✅,,
train\images\train_0016_t0_jpg.rf.78eae71a489cd4afc8f71d36ec885aab.jpg,120_jpg.rf.GCC6Iwh8hUJZRBVEeTAC.jpg,是,SIFT,96.0,-,0.5333,-0.0,0.9981,✅,,
train\images\train_0017_t0_jpg.rf.ff0124d082cfc8075b6d23d4538510e5.jpg,121_jpg.rf.0vzhYkLLrZwcqgUfirSx.jpg,是,SIFT,433.0,-,0.5333,-0.01,0.9971,✅,,
train\images\train_0017_t1_jpg.rf.5ac10544c6cd4a524a979b7582749857.jpg,121_jpg.rf.0vzhYkLLrZwcqgUfirSx.jpg,是,SIFT,413.0,-,0.5333,0.0,0.9965,✅,,
train\images\train_0018_t0_jpg.rf.98ab17693525335beee4cc3af595c6fd.jpg,122_jpg.rf.SSVF2KxEl1bbXotxsT6t.jpg,是,SIFT,192.0,-,0.5334,-0.01,0.9978,✅,,
train\images\train_0018_t1_jpg.rf.905025367740eeb40b474e3feff0c515.jpg,122_jpg.rf.SSVF2KxEl1bbXotxsT6t.jpg,是,SIFT,200.0,-,0.5333,-0.0,0.9975,✅,,
train\images\train_0019_t0_jpg.rf.e476d3d3fd6be38cc6d6a8fea50fadfe.jpg,123_jpg.rf.Op5vIZ4bK8Ec29XJEXxv.jpg,是,SIFT,159.0,-,0.3758,0.02,0.9932,✅,,
train\images\train_0019_t1_jpg.rf.7ac0da44f2f6bc4f182295c1417bb9ce.jpg,123_jpg.rf.Op5vIZ4bK8Ec29XJEXxv.jpg,是,SIFT,166.0,-,0.3758,0.0,0.9951,✅,,
train\images\train_0019_t2_jpg.rf.989f77043de9ba97bfc0a0677fd095e9.jpg,123_jpg.rf.Op5vIZ4bK8Ec29XJEXxv.jpg,是,SIFT,199.0,-,0.3758,-0.01,0.9936,✅,,
train\images\train_0020_t0_jpg.rf.abc97a7fe803bd479cb2e49c888c0ed0.jpg,124_jpg.rf.xZ7Xj6uGRfDzm8ETXJfO.jpg,是,SIFT,218.0,-,0.5333,0.0,0.9965,✅,,
train\images\train_0020_t2_jpg.rf.36e47232fe362429d217d9182d016a5f.jpg,124_jpg.rf.xZ7Xj6uGRfDzm8ETXJfO.jpg,是,SIFT,170.0,-,0.5334,0.0,0.9965,✅,,
train\images\train_0021_t0_jpg.rf.fa539d00c550cff757bc75aeeacec42f.jpg,125_jpg.rf.kEUqEKSwUQ0qpPBjTeid.jpg,是,SIFT,91.0,-,0.5333,0.02,0.997,✅,,
train\images\train_0021_t1_jpg.rf.ae8eba500df7b23ba8325c54c60ed701.jpg,125_jpg.rf.kEUqEKSwUQ0qpPBjTeid.jpg,是,SIFT,113.0,-,0.5333,0.01,0.9965,✅,,
train\images\train_0021_t3_jpg.rf.e3c22351f4f2f383e4f8c3f56ad5e9da.jpg,125_jpg.rf.kEUqEKSwUQ0qpPBjTeid.jpg,是,SIFT,111.0,-,0.5333,0.01,0.9971,✅,,
train\images\train_0022_t0_jpg.rf.903c305c2e0107096258beeac6fb70fd.jpg,128_jpg.rf.2UYGvKv8DWqbwYdu2dCW.jpg,是,SIFT,92.0,-,0.5333,0.02,0.9979,✅,,
train\images\train_0022_t1_jpg.rf.74822c8bdf581e460c96070f683e27a1.jpg,128_jpg.rf.2UYGvKv8DWqbwYdu2dCW.jpg,是,SIFT,125.0,-,0.5333,-0.0,0.9977,✅,,
train\images\train_0022_t2_jpg.rf.9dd9a55963246b0983023c329ed53378.jpg,128_jpg.rf.2UYGvKv8DWqbwYdu2dCW.jpg,是,SIFT,165.0,-,0.5333,-0.0,0.9971,✅,,
train\images\train_0023_t0_jpg.rf.3b2eaa3f42b77114556a0082b3451d5b.jpg,47_jpg.rf.ESBMc9kB6BzwEnMRrDqX.jpg,是,SIFT,410.0,-,0.8117,-0.0,0.9962,✅,,
train\images\train_0024_t0_jpg.rf.88952b1a3744681388e3aa1d09239e42.jpg,129_jpg.rf.WhxBQuVtaV1pGAxh1uCn.jpg,是,SIFT,134.0,-,0.5333,-0.0,0.9987,✅,,
train\images\train_0027_t0_jpg.rf.681848feeae2c640ba1ba23321f35ecc.jpg,130_jpg.rf.0oEqEnTqGc0oUaAIIl5V.jpg,是,SIFT,101.0,-,0.5333,-0.01,0.9984,✅,,
train\images\train_0027_t1_jpg.rf.c621d780b07689527886344d0792a49b.jpg,130_jpg.rf.0oEqEnTqGc0oUaAIIl5V.jpg,是,SIFT,96.0,-,0.5333,0.0,0.9984,✅,,
train\images\train_0027_t2_jpg.rf.81566301e52a3f6cea3946885483ab2f.jpg,130_jpg.rf.0oEqEnTqGc0oUaAIIl5V.jpg,是,SIFT,92.0,-,0.5334,-0.01,0.998,✅,,
train\images\train_0027_t3_jpg.rf.7ff02d374d3f5ad9a2e1442b3ff9c187.jpg,130_jpg.rf.0oEqEnTqGc0oUaAIIl5V.jpg,是,SIFT,46.0,-,0.5332,0.02,0.9964,✅,,
train\images\train_0028_t0_jpg.rf.2039f99cdafcbf68d1b0902b271c15a2.jpg,131_jpg.rf.nnehjmPjk2R5R8DjtS4u.jpg,是,SIFT,141.0,-,0.5333,0.01,0.998,✅,,
train\images\train_0028_t1_jpg.rf.ed12e7f16c5a87538934c0fe4f0cb5b3.jpg,131_jpg.rf.nnehjmPjk2R5R8DjtS4u.jpg,是,SIFT,145.0,-,0.5333,0.01,0.9981,✅,,
train\images\train_0029_t0_jpg.rf.ef15f82d73e1ee194ac3ad875c946fe4.jpg,132_jpg.rf.t9WUz3jjNUpfB97smuzO.jpg,是,SIFT,98.0,-,0.5334,-0.02,0.9984,✅,,
train\images\train_0030_t0_jpg.rf.d6e1bb2a662af412c4d6d4cfb79e3b05.jpg,133jpg_jpg.rf.G8OLtQsq4mQp2zoQrMe4.jpg,是,SIFT,89.0,-,0.5333,-0.01,0.9973,✅,,
train\images\train_0030_t1_jpg.rf.70d1cff5a329dad113a63d3de0b04c88.jpg,133jpg_jpg.rf.G8OLtQsq4mQp2zoQrMe4.jpg,是,SIFT,93.0,-,0.5334,-0.0,0.9963,✅,,
train\images\train_0030_t2_jpg.rf.4cea1f78d5af0f04c4f5320f9fd2c2a0.jpg,133jpg_jpg.rf.G8OLtQsq4mQp2zoQrMe4.jpg,是,SIFT,96.0,-,0.5333,0.01,0.9967,✅,,
train\images\train_0030_t3_jpg.rf.2e83ac548f2b1a5a1bed944337e9ef68.jpg,133jpg_jpg.rf.G8OLtQsq4mQp2zoQrMe4.jpg,是,SIFT,92.0,-,0.5333,0.01,0.9972,✅,,
train\images\train_0031_t0_jpg.rf.3f6cc5cc43718fe411c5c873692bdd4b.jpg,134_jpg.rf.B2XhuiR39kRn2ooPMgPz.jpg,是,SIFT,248.0,-,0.3696,-0.0,0.9918,✅,,
train\images\train_0031_t1_jpg.rf.b031d26324b3a02bc0d4489dbfa43d71.jpg,134_jpg.rf.B2XhuiR39kRn2ooPMgPz.jpg,,SIFT,,,,,0.9855,✅ 人工目視確認後收回,train\labels\train_0031_t1_jpg.rf.b031d26324b3a02bc0d4489dbfa43d71.txt,有（待目視確認）
train\images\train_0031_t2_jpg.rf.2a0f93dd58cc9a4032d91b0b28727ec7.jpg,134_jpg.rf.B2XhuiR39kRn2ooPMgPz.jpg,,SIFT,,,,,0.9881,✅ 人工目視確認後收回,train\labels\train_0031_t2_jpg.rf.2a0f93dd58cc9a4032d91b0b28727ec7.txt,有（待目視確認）
train\images\train_0032_t0_jpg.rf.6369e9d338b6d79685b6eabe29610df1.jpg,135_jpg.rf.7oTLKu45FYzGPQff3hBC.jpg,是,SIFT,173.0,-,0.3649,-0.0,0.9945,✅,,
train\images\train_0032_t1_jpg.rf.d15d265ed5c7295f228dff7a47ed423c.jpg,135_jpg.rf.7oTLKu45FYzGPQff3hBC.jpg,是,SIFT,136.0,-,0.3649,0.01,0.9947,✅,,
train\images\train_0032_t2_jpg.rf.69396d49cfef9a71b7a56c494a12a56f.jpg,135_jpg.rf.7oTLKu45FYzGPQff3hBC.jpg,是,SIFT,135.0,-,0.3648,0.02,0.9941,✅,,
train\images\train_0032_t3_jpg.rf.9bc2bae802673e9375542058fce3b9ce.jpg,135_jpg.rf.7oTLKu45FYzGPQff3hBC.jpg,是,SIFT,139.0,-,0.3648,0.01,0.9937,✅,,
train\images\train_0033_t0_jpg.rf.d7cbb9180697fb0550ff69995b783535.jpg,137_jpg.rf.ARd2pAEdfTsxGCfpkDN2.jpg,是,SIFT,64.0,-,0.5333,0.01,0.9968,✅,,
train\images\train_0033_t1_jpg.rf.2f907fc4972c9c03a46f8cd6ac5f7d64.jpg,137_jpg.rf.ARd2pAEdfTsxGCfpkDN2.jpg,是,SIFT,55.0,-,0.5333,-0.03,0.9962,✅,,
train\images\train_0033_t2_jpg.rf.34af8dd0364cf5e0ad2662a401e2db59.jpg,137_jpg.rf.ARd2pAEdfTsxGCfpkDN2.jpg,是,SIFT,94.0,-,0.5333,-0.0,0.9967,✅,,
train\images\train_0033_t3_jpg.rf.c581dfd77b9960fae757985b3344a5e0.jpg,137_jpg.rf.ARd2pAEdfTsxGCfpkDN2.jpg,是,SIFT,70.0,-,0.5334,0.0,0.9968,✅,,
train\images\train_0034_t0_jpg.rf.946c4d01c533a6b275472f01f946576e.jpg,138_jpg.rf.QaQmbeldv8ef7GGqjKJ0.jpg,是,SIFT,132.0,-,0.5333,-0.01,0.9983,✅,,
train\images\train_0034_t1_jpg.rf.a45322a9811548b11e2365f54def30e3.jpg,138_jpg.rf.QaQmbeldv8ef7GGqjKJ0.jpg,是,SIFT,78.0,-,0.5333,-0.01,0.9981,✅,,
train\images\train_0034_t2_jpg.rf.62deab6b0ebd897d16e6a09c1759e4c7.jpg,138_jpg.rf.QaQmbeldv8ef7GGqjKJ0.jpg,是,SIFT,95.0,-,0.5334,-0.0,0.9977,✅,,
train\images\train_0035_t0_jpg.rf.f1b8c063b4154d0ed7908aca63b71030.jpg,139_jpg.rf.fZrCuHrqgREfEeDUcC1z.jpg,,SIFT,,,,,0.9894,✅ 人工目視確認後收回,train\labels\train_0035_t0_jpg.rf.f1b8c063b4154d0ed7908aca63b71030.txt,有（待目視確認）
train\images\train_0036_t0_jpg.rf.c1123734da02b0f38dd99fe2041a0d03.jpg,13_jpg.rf.5h1FSgAd28vkX1IZ8IW4.jpg,是,SIFT,134.0,-,0.5333,-0.0,0.9984,✅,,
train\images\train_0036_t1_jpg.rf.a6c4bcefb9d012a6629d125bdd8108b5.jpg,13_jpg.rf.5h1FSgAd28vkX1IZ8IW4.jpg,是,SIFT,166.0,-,0.5333,0.0,0.9984,✅,,
train\images\train_0037_t0_jpg.rf.7057ef4948dcd5dafd022ed682a45fd6.jpg,237_jpg.rf.23IKeul7xTIhI0oco2jp.jpg,是,SIFT,482.0,-,0.9986,0.02,0.991,✅,,
train\images\train_0037_t1_jpg.rf.a5553e1bca5e879489c8d2fc0cb11206.jpg,140_jpg.rf.vLOW6acx6A9dHJ5jZ2Rk.jpg,是,SIFT,264.0,-,0.3758,-0.01,0.9904,✅,,
train\images\train_0038_t0_jpg.rf.c85ed84e514c1897e0a34d7392ba170d.jpg,238_jpg.rf.7JzLQP0WujDHoM2bb5MY.jpg,是,SIFT,78.0,-,0.9994,-0.13,0.9974,✅,,
train\images\train_0038_t1_jpg.rf.6637e3c9c8c86db21f40ed922b87ff99.jpg,141_jpg.rf.Oae0GnACdtqLi2Yqn8f8.jpg,是,SIFT,120.0,-,0.2666,-0.01,0.9969,✅,,
train\images\train_0039_t0_jpg.rf.d89751b37e9c6c8514705419b149a50d.jpg,144_jpg.rf.yh9cLwBAaCgStqCnPaE4.jpg,是,SIFT,258.0,-,0.5333,-0.0,0.9977,✅,,
train\images\train_0039_t1_jpg.rf.f8f1812402432d5cae45350be415d9a5.jpg,144_jpg.rf.yh9cLwBAaCgStqCnPaE4.jpg,是,SIFT,233.0,-,0.5333,0.0,0.9978,✅,,
train\images\train_0040_t0_jpg.rf.ed7bca295d5b96459dd3ea20bf9b777e.jpg,,,-,,,,,,✅ 人工目視確認後收回,train\labels\train_0040_t0_jpg.rf.ed7bca295d5b96459dd3ea20bf9b777e.txt,無
train\images\train_0040_t1_jpg.rf.3229d43df5c692d6a12b63293fce7c7e.jpg,146_jpg.rf.slzoDglxga9MIq4DwZuN.jpg,是,SIFT,29.0,-,0.5333,-0.02,0.9983,✅,,
train\images\train_0040_t2_jpg.rf.cb9397368b4d0f68abdf17c41347f380.jpg,146_jpg.rf.slzoDglxga9MIq4DwZuN.jpg,是,SIFT,45.0,-,0.5334,0.01,0.9981,✅,,
train\images\train_0041_t0_jpg.rf.c618a70d3f58439dc02e98cbce0fa9cf.jpg,147_jpg.rf.nrba6JW6MRJ7ceE98zKH.jpg,是,SIFT,137.0,-,0.3663,0.02,0.9967,✅,,
train\images\train_0041_t1_jpg.rf.fc84009cc1c018834c6676a538e5bf77.jpg,147_jpg.rf.nrba6JW6MRJ7ceE98zKH.jpg,是,SIFT,97.0,-,0.3663,-0.0,0.9962,✅,,
train\images\train_0041_t2_jpg.rf.2b18e98b3b059f72f0efe7f1f09028ee.jpg,147_jpg.rf.nrba6JW6MRJ7ceE98zKH.jpg,是,SIFT,124.0,-,0.3663,0.02,0.9956,✅,,
train\images\train_0041_t3_jpg.rf.79c26735443113a27001547ec24100b7.jpg,147_jpg.rf.nrba6JW6MRJ7ceE98zKH.jpg,是,SIFT,131.0,-,0.3663,-0.01,0.996,✅,,
train\images\train_0042_t0_jpg.rf.fcb8e9756a66cd8efaa8f45db41ab922.jpg,148_jpg.rf.t3oQzQTU509tUf5FcV1L.jpg,是,SIFT,200.0,-,0.5333,0.01,0.9974,✅,,
train\images\train_0042_t1_jpg.rf.d9f6c03b0afdf5e962cc51a8dcd9d66f.jpg,148_jpg.rf.t3oQzQTU509tUf5FcV1L.jpg,是,SIFT,164.0,-,0.5333,0.0,0.9979,✅,,
train\images\train_0043_t0_jpg.rf.65ebbc9dd8c074fe76c1fa63f0bb3dc9.jpg,148_jpg.rf.TzpzE8nXNKU3lEad387t.jpg,是,SIFT,144.0,-,0.5333,-0.01,0.9987,✅,,
train\images\train_0044_t0_jpg.rf.862b86eee420b6cd6d0c207cb9d9a1dc.jpg,149_jpg.rf.MrsorCRSv4gWDuF84NhT.jpg,是,SIFT,266.0,-,0.5333,-0.01,0.9977,✅,,
train\images\train_0044_t1_jpg.rf.7be9819ce3ad1569636576ca4624975a.jpg,149_jpg.rf.MrsorCRSv4gWDuF84NhT.jpg,是,SIFT,285.0,-,0.5333,0.01,0.9977,✅,,
train\images\train_0045_t0_jpg.rf.c9b09b13402d477e9bb5857b8f99ba92.jpg,14_jpg.rf.LuYuwjJ855NKv45JZJNF.jpg,是,SIFT,216.0,-,0.5333,0.0,0.9982,✅,,
train\images\train_0045_t1_jpg.rf.4f85ff5a3e4aef5bd912fb662db31cad.jpg,14_jpg.rf.LuYuwjJ855NKv45JZJNF.jpg,是,SIFT,370.0,-,0.5333,-0.0,0.9981,✅,,
train\images\train_0046_t0_jpg.rf.f988a1bc7b36175444bb420f480dbcbe.jpg,154_jpg.rf.HuH7z9UY4sznXr8XQQTk.jpg,是,SIFT,165.0,-,0.5332,-0.0,0.9969,✅,,
train\images\train_0046_t1_jpg.rf.f70dc6ab83d0aec5ed6de49bda90b0cc.jpg,154_jpg.rf.HuH7z9UY4sznXr8XQQTk.jpg,是,SIFT,137.0,-,0.5333,0.0,0.9978,✅,,
train\images\train_0047_t0_jpg.rf.8ef1976a08b0f1c11e6d00f65c82b0ee.jpg,155_jpg.rf.iyqvqvCc7324lwLcw40W.jpg,是,SIFT,363.0,-,0.5333,0.0,0.9971,✅,,
train\images\train_0047_t1_jpg.rf.a6a817a32fd1799afb89897cd3783465.jpg,155_jpg.rf.iyqvqvCc7324lwLcw40W.jpg,是,SIFT,432.0,-,0.5333,0.0,0.997,✅,,
train\images\train_0048_t0_jpg.rf.b704c087467752deb2a2ea42b6460109.jpg,156_jpg.rf.xyzOOyzCNrAZTJfl3oOM.jpg,是,SIFT,43.0,-,0.5334,-0.01,0.9978,✅,,
train\images\train_0048_t1_jpg.rf.e3419bf843ab2012228656876b1d2961.jpg,156_jpg.rf.xyzOOyzCNrAZTJfl3oOM.jpg,是,SIFT,63.0,-,0.5333,-0.01,0.9978,✅,,
train\images\train_0048_t2_jpg.rf.387a1f68c750db4cd9a7686e4ae37da2.jpg,156_jpg.rf.xyzOOyzCNrAZTJfl3oOM.jpg,是,SIFT,103.0,-,0.5333,-0.0,0.9972,✅,,
train\images\train_0049_t0_jpg.rf.d2ac04dd92310d88ef9ec31ae4c130d1.jpg,157_jpg.rf.iZxMHP74FZPyMI9xP4ll.jpg,是,SIFT,226.0,-,0.5333,0.0,0.9974,✅,,
train\images\train_0049_t1_jpg.rf.a4e7cb385d5040ff7cb6f78c91c95605.jpg,157_jpg.rf.iZxMHP74FZPyMI9xP4ll.jpg,是,SIFT,114.0,-,0.5333,-0.0,0.9981,✅,,
train\images\train_0050_t0_jpg.rf.56d6d15e714d34b0690f198adb25b6a5.jpg,15_jpg.rf.cjVHcq4CaqPqFHr9cijd.jpg,是,SIFT,372.0,-,0.5333,0.0,0.999,✅,,
train\images\train_0051_t0_jpg.rf.ab364cad62b35cd0efcd79f838585bcd.jpg,160_jpg.rf.jm80LTMjG2PYx3YXaDaC.jpg,是,SIFT,345.0,-,0.5333,-0.0,0.9971,✅,,
train\images\train_0051_t1_jpg.rf.cde76a084f6a909be845ef1575c7ab9f.jpg,160_jpg.rf.jm80LTMjG2PYx3YXaDaC.jpg,是,SIFT,274.0,-,0.5333,-0.01,0.9975,✅,,
train\images\train_0052_t1_jpg.rf.89fabb38619d45b4196b23029bb2e980.jpg,161_jpg.rf.s13LyvZqKKHmRequ18UP.jpg,是,SIFT,150.0,-,0.5333,0.01,0.9985,✅,,
train\images\train_0053_t1_jpg.rf.abd6f92f065235e2acc66b9d40242d72.jpg,162_jpg.rf.Sykiyv8WEzV5twKHnKGE.jpg,是,SIFT,134.0,-,0.5333,0.01,0.9979,✅,,
train\images\train_0053_t2_jpg.rf.642fad81ca7d5b3720c023c37b818d0f.jpg,162_jpg.rf.Sykiyv8WEzV5twKHnKGE.jpg,是,SIFT,154.0,-,0.5333,-0.0,0.9973,✅,,
train\images\train_0054_t0_jpg.rf.bfa15fb7428f2396fbdf1605c9c1178b.jpg,163_jpg.rf.DtKMlwOvGMypgt5KbhnS.jpg,,SIFT,,,,,0.9768,✅ 人工目視確認後收回,train\labels\train_0054_t0_jpg.rf.bfa15fb7428f2396fbdf1605c9c1178b.txt,有（待目視確認）
train\images\train_0055_t0_jpg.rf.5cdbf8eb31e4b91ab3098312e4976a07.jpg,163_jpg.rf.s9SJBgxMtmwNZJ1deuqC.jpg,是,SIFT,227.0,-,0.3474,0.01,0.9952,✅,,
train\images\train_0055_t1_jpg.rf.76fcdab0f68661d17c7581fcbf07beb7.jpg,163_jpg.rf.s9SJBgxMtmwNZJ1deuqC.jpg,是,SIFT,336.0,-,0.3474,-0.0,0.9964,✅,,
train\images\train_0056_t0_jpg.rf.1dd32483ab98bbcffdaef85e25fd9110.jpg,165_jpg.rf.KhaeGNP5J5MFVzv20U0t.jpg,是,SIFT,154.0,-,0.5333,0.01,0.9979,✅,,
train\images\train_0057_t0_jpg.rf.4621ba0b9eb97e8254330e2a4045f9f7.jpg,167_jpg.rf.EdonNhYcZWP2eHEtEDal.jpg,是,SIFT,237.0,-,0.5334,-0.0,0.9979,✅,,
train\images\train_0057_t1_jpg.rf.45b02cb6714663a782aba5513fae25b8.jpg,167_jpg.rf.EdonNhYcZWP2eHEtEDal.jpg,是,SIFT,198.0,-,0.5333,-0.01,0.9977,✅,,
train\images\train_0058_t0_jpg.rf.e0fefb5c036e29e2a7bfef25b8242a86.jpg,256_jpg.rf.dh3ICJyMIiHCkQ6UnC1t.jpg,是,SIFT,212.0,-,1.0001,-0.03,0.9967,✅,,
train\images\train_0058_t1_jpg.rf.54dabe12e9f686fb2a252f13a040ce21.jpg,256_jpg.rf.dh3ICJyMIiHCkQ6UnC1t.jpg,是,SIFT,160.0,-,1.0001,0.12,0.9922,✅,,
train\images\train_0059_t0_jpg.rf.8215cf9b6449925968f2da13f4c5b26e.jpg,16_jpg.rf.l6oWfPuoXZU63dZombW3.jpg,是,SIFT,61.0,-,0.5333,0.0,0.9987,✅,,
train\images\train_0059_t1_jpg.rf.cebbe8626303aeec18520df6e2b21970.jpg,16_jpg.rf.l6oWfPuoXZU63dZombW3.jpg,是,SIFT,61.0,-,0.5333,0.01,0.999,✅,,
train\images\train_0060_t0_jpg.rf.d0b2124e870298ef36cdd229c5177257.jpg,170_jpg.rf.Gxgv1eFIyjrDBshElEsA.jpg,是,SIFT,235.0,-,0.5333,-0.0,0.9975,✅,,
train\images\train_0060_t2_jpg.rf.3d2a9dcafcd4af929e3efaf2ff3d32f0.jpg,170_jpg.rf.Gxgv1eFIyjrDBshElEsA.jpg,是,SIFT,142.0,-,0.5333,0.0,0.9985,✅,,
train\images\train_0061_t0_jpg.rf.838d45410c43ae5b60365646b2b0f650.jpg,170_jpg.rf.U44WnXEItb8mrQ9ctn2K.jpg,是,SIFT,424.0,-,0.3474,0.0,0.9948,✅,,
train\images\train_0062_t0_jpg.rf.27690d4039b71fc2f46a0c9cb2204b0d.jpg,172_jpg.rf.L6GPNmKM9Ei7dINc0HAG.jpg,是,SIFT,252.0,-,0.5334,0.0,0.9952,✅,,
train\images\train_0064_t0_jpg.rf.dbaf254acd5117f0da84738d38475f18.jpg,173_jpg.rf.UH30YittpYPFDpO0vNLg.jpg,是,SIFT,442.0,-,0.5333,0.0,0.995,✅,,
train\images\train_0065_t0_jpg.rf.0e61df332700e742f36fb796a402d98b.jpg,174_jpg.rf.bF3PTLniCVcbv6iNsfzy.jpg,是,SIFT,285.0,-,0.5333,-0.0,0.9969,✅,,
train\images\train_0065_t1_jpg.rf.ddd0e41e2e60158e7fcdd39ca2d190fd.jpg,174_jpg.rf.bF3PTLniCVcbv6iNsfzy.jpg,是,SIFT,226.0,-,0.5333,0.0,0.9982,✅,,
train\images\train_0065_t2_jpg.rf.66c9f9b1e79bcdc8b07564fe5c64a17e.jpg,174_jpg.rf.bF3PTLniCVcbv6iNsfzy.jpg,是,SIFT,125.0,-,0.5333,0.0,0.9972,✅,,
train\images\train_0066_t0_jpg.rf.31dc44788ab9dda495cc04ac951dcdb9.jpg,175_jpg.rf.f0BqyUz8t6NjAE7GGrOw.jpg,是,SIFT,183.0,-,0.5333,0.0,0.9982,✅,,
train\images\train_0066_t1_jpg.rf.7d7eae59b67d1a73df90bf9787f5b319.jpg,175_jpg.rf.f0BqyUz8t6NjAE7GGrOw.jpg,是,SIFT,118.0,-,0.5333,0.01,0.9974,✅,,
train\images\train_0067_t0_jpg.rf.b6d387a5b71e415cfae107b3e6040dfd.jpg,176_jpg.rf.Yy4r0m2drX4QMjXpOseS.jpg,是,SIFT,182.0,-,0.5334,-0.01,0.9983,✅,,
train\images\train_0067_t1_jpg.rf.77cddf1e5c6bb14e6c4188a678dfb2eb.jpg,176_jpg.rf.Yy4r0m2drX4QMjXpOseS.jpg,是,SIFT,165.0,-,0.5335,-0.0,0.9927,✅,,
train\images\train_0068_t0_jpg.rf.b7dfa8e40ab0416505202c6878312304.jpg,177_jpg.rf.FF0djvQ1bc5K2U5mLRek.jpg,是,SIFT,101.0,-,0.5333,-0.0,0.9969,✅,,
train\images\train_0068_t1_jpg.rf.22a8bbb0ca815fe21a50526ebdc91fbd.jpg,177_jpg.rf.FF0djvQ1bc5K2U5mLRek.jpg,是,SIFT,196.0,-,0.5333,0.0,0.9976,✅,,
train\images\train_0068_t2_jpg.rf.647bf3ed4a2dbc4bb7f28934454b60da.jpg,177_jpg.rf.FF0djvQ1bc5K2U5mLRek.jpg,是,SIFT,136.0,-,0.5333,0.0,0.9986,✅,,
train\images\train_0069_t0_jpg.rf.dae8ecb34d833c7eddcece4770f1b9ba.jpg,179_jpg.rf.r3P04EwezFFTHyTDaQzn.jpg,是,SIFT,232.0,-,0.5333,0.02,0.9972,✅,,
train\images\train_0069_t1_jpg.rf.8f9f3d7ff0868e74ef76887be1d188bf.jpg,179_jpg.rf.r3P04EwezFFTHyTDaQzn.jpg,是,SIFT,244.0,-,0.5333,0.0,0.9982,✅,,
train\images\train_0070_t0_jpg.rf.dc459332e7c1e49c1cb9b6e286c56f5e.jpg,17_jpg.rf.ErmQTOdXDjdqSWwnuls9.jpg,是,SIFT,345.0,-,0.5333,-0.0,0.9974,✅,,
train\images\train_0070_t1_jpg.rf.e3693d057bb433b95adc2a689b0406b8.jpg,17_jpg.rf.ErmQTOdXDjdqSWwnuls9.jpg,是,SIFT,381.0,-,0.5333,0.0,0.9968,✅,,
train\images\train_0071_t0_jpg.rf.17abbc1415e9b1fc97991ab9f255f500.jpg,180_jpg.rf.iEsVLQcnhg3Q0JBVq6tf.jpg,是,SIFT,290.0,-,0.5333,0.0,0.998,✅,,
train\images\train_0071_t1_jpg.rf.dd05f755ff83e1b7d01157fdbfa763c5.jpg,180_jpg.rf.iEsVLQcnhg3Q0JBVq6tf.jpg,是,SIFT,313.0,-,0.5333,0.0,0.9978,✅,,
train\images\train_0072_t0_jpg.rf.ba50bf6ef6608ab25d1f371fac58374d.jpg,180_jpg.rf.MBV4hArYcwdO1evut4dy.jpg,是,SIFT,211.0,-,0.5333,0.02,0.9987,✅,,
train\images\train_0073_t0_jpg.rf.5824f05888f5c55b64b50af207c878f2.jpg,182_jpg.rf.p4r1kKnerl8QDZLemlu1.jpg,是,SIFT,518.0,-,0.3474,0.0,0.9964,✅,,
train\images\train_0073_t1_jpg.rf.c75ed9f90cc5708d49164e32a7ca24f7.jpg,182_jpg.rf.p4r1kKnerl8QDZLemlu1.jpg,是,SIFT,473.0,-,0.3475,0.0,0.9968,✅,,
train\images\train_0073_t2_jpg.rf.a0a52db8eecdfce1d9d935295fb4cad3.jpg,182_jpg.rf.p4r1kKnerl8QDZLemlu1.jpg,是,SIFT,266.0,-,0.3474,0.01,0.9972,✅,,
train\images\train_0074_t0_jpg.rf.e6a284cd213a986af2acc5a84a49a7d4.jpg,183_jpg.rf.PwFYdzFujd17AkBrrB5m.jpg,是,SIFT,211.0,-,0.5334,0.0,0.9986,✅,,
train\images\train_0074_t1_jpg.rf.6c40a22bd59f37b2ec79cd706185769c.jpg,183_jpg.rf.PwFYdzFujd17AkBrrB5m.jpg,是,SIFT,133.0,-,0.5333,0.0,0.9984,✅,,
train\images\train_0074_t2_jpg.rf.440544ab07a6f88496c16e5fe7658ac3.jpg,183_jpg.rf.PwFYdzFujd17AkBrrB5m.jpg,是,SIFT,121.0,-,0.5334,0.0,0.998,✅,,
train\images\train_0075_t0_jpg.rf.8f8d4166286a7c670ed84db8532d1c1a.jpg,271_jpg.rf.lc2w7U202HTqPQHVY3w5.jpg,是,SIFT,312.0,-,0.9998,0.01,0.9964,✅,,
train\images\train_0076_t0_jpg.rf.73c26ae03e7107afddf95934fdeda91a.jpg,187_jpg.rf.0YqOibKwD10uHaPPoUnk.jpg,是,SIFT,186.0,-,0.5333,-0.01,0.9979,✅,,
train\images\train_0077_t0_jpg.rf.dd8dad6d6591c23a0516d42507b27f23.jpg,188_jpg.rf.iwb3BMFuKvOtpPt2dMmt.jpg,是,SIFT,257.0,-,0.5334,-0.0,0.9977,✅,,
train\images\train_0077_t1_jpg.rf.c8bebfe16ada6d5427861aece7c969cc.jpg,188_jpg.rf.iwb3BMFuKvOtpPt2dMmt.jpg,是,SIFT,157.0,-,0.5334,-0.01,0.9982,✅,,
train\images\train_0077_t2_jpg.rf.4a7724a713c530b755080c00acc083be.jpg,188_jpg.rf.iwb3BMFuKvOtpPt2dMmt.jpg,是,SIFT,269.0,-,0.5333,-0.0,0.9984,✅,,
train\images\train_0078_t0_jpg.rf.6dad7daf1a729d8d1a4861f6dd13165f.jpg,189_jpg.rf.KU6jcqv455anpxCdZ1d8.jpg,是,SIFT,229.0,-,0.8028,-0.0,0.9977,✅,,
train\images\train_0079_t0_jpg.rf.4fb13ae36a110fac2e1052a2a613fcf3.jpg,18_jpg.rf.8Ue9ClKI5OQ190wcW59U.jpg,是,SIFT,176.0,-,0.5333,-0.01,0.9983,✅,,
train\images\train_0079_t1_jpg.rf.f0ce9770b732bdc359d75ecc88576d2f.jpg,18_jpg.rf.8Ue9ClKI5OQ190wcW59U.jpg,是,SIFT,149.0,-,0.5334,0.0,0.9984,✅,,
train\images\train_0080_t0_jpg.rf.558393bb5cd28ca3e5fc33267f53c19f.jpg,18_jpg.rf.dUUj5QuMXB9KfjtwAQL2.jpg,是,SIFT,215.0,-,0.5333,-0.0,0.9981,✅,,
train\images\train_0081_t0_jpg.rf.ad04e1171e5d383e46f52424a73a2056.jpg,190_jpg.rf.OBvC0TAlj4QeFgP6vxF7.jpg,是,SIFT,220.0,-,0.5333,-0.01,0.9974,✅,,
train\images\train_0081_t1_jpg.rf.9eff916f1e118102fab3c9818b356f95.jpg,190_jpg.rf.OBvC0TAlj4QeFgP6vxF7.jpg,是,SIFT,169.0,-,0.5333,0.0,0.9968,✅,,
train\images\train_0082_t0_jpg.rf.6d444260e054530a4ebc177938828cba.jpg,280_jpg.rf.8jQWnH4mx5WgNBaDu1Ks.jpg,是,SIFT,192.0,-,0.5333,-0.0,0.9983,✅,,
train\images\train_0083_t0_jpg.rf.b221dd2190cf7db651e50e2083bd5340.jpg,196_jpg.rf.AilFvjJ6KQxRBjeuC0y4.jpg,是,SIFT,175.0,-,0.5333,0.01,0.9986,✅,,
train\images\train_0085_t0_jpg.rf.19a0f1299a1aea15fb6f7811da18f46a.jpg,20_jpg.rf.uWnvJk2th5oPVVgFZG2p.jpg,是,SIFT,145.0,-,0.5333,0.02,0.9965,✅,,
train\images\train_0085_t1_jpg.rf.3f15c9310dc48eb95b0425e4285a91ed.jpg,20_jpg.rf.uWnvJk2th5oPVVgFZG2p.jpg,是,SIFT,183.0,-,0.5333,-0.01,0.9962,✅,,
train\images\train_0087_t0_jpg.rf.e75a2bff147f1f6d1201e03351ccea2c.jpg,21_jpg.rf.R4OCHGfKVIJekSxfpjZc.jpg,是,SIFT,264.0,-,0.5336,-0.01,0.9972,✅,,
train\images\train_0087_t1_jpg.rf.12cf23e028c287fa33e711e282596401.jpg,21_jpg.rf.R4OCHGfKVIJekSxfpjZc.jpg,是,SIFT,306.0,-,0.5334,-0.0,0.9983,✅,,
train\images\train_0087_t2_jpg.rf.92d7d592bf9d0732bef59f2ed0f8e175.jpg,21_jpg.rf.R4OCHGfKVIJekSxfpjZc.jpg,是,SIFT,270.0,-,0.5333,0.0,0.9976,✅,,
train\images\train_0089_t0_jpg.rf.a64eaa533f0b96cea2a559ba7c7290cd.jpg,22_jpg.rf.Lhr7wto4XyGVLnQBBcbL.jpg,是,SIFT,166.0,-,0.5333,-0.0,0.9987,✅,,
train\images\train_0090_t0_jpg.rf.89f81c1252e039367b73c0dd05e31469.jpg,22_jpg.rf.e66FYJQZxzC5cJBiprXl.jpg,是,SIFT,409.0,-,0.5333,0.0,0.9977,✅,,
train\images\train_0090_t1_jpg.rf.9cb2a01b2d312f1edf4798f6bb643205.jpg,22_jpg.rf.e66FYJQZxzC5cJBiprXl.jpg,是,SIFT,464.0,-,0.5333,-0.0,0.9967,✅,,
train\images\train_0090_t2_jpg.rf.2c35700a54b6c13d036e8e2f24595b4c.jpg,22_jpg.rf.e66FYJQZxzC5cJBiprXl.jpg,是,SIFT,271.0,-,0.5333,-0.01,0.9971,✅,,
train\images\train_0091_t0_jpg.rf.5c9bc1f0a9b18e8f957a1dac982ea504.jpg,236_jpg.rf.uQq4PBjStRXSFUZzdeA3.jpg,是,SIFT,166.0,-,0.5333,0.0,0.9979,✅,,
train\images\train_0092_t0_jpg.rf.e8314cf604bca3cafd47b5792a04fa2a.jpg,237_jpg.rf.rX5y5CXrWZaia9kLbWpt.jpg,是,SIFT,358.0,-,0.811,-0.0,0.9972,✅,,
train\images\train_0095_t0_jpg.rf.9afb6db3f8d1d8a6906027c89a8ae3f2.jpg,29_jpg.rf.GX9TxaoHXJIIaPTpp1L8.jpg,是,SIFT,238.0,-,0.5334,-0.02,0.9987,✅,,
train\images\train_0096_t1_jpg.rf.cdc0f513ce32517a76e582d7577953be.jpg,24_jpg.rf.3oB7FVhtnm9IiB2i6Iv9.jpg,是,SIFT,135.0,-,0.5333,0.01,0.9976,✅,,
train\images\train_0096_t2_jpg.rf.7c1f25bcbaf77df2af5791735a78c7e1.jpg,24_jpg.rf.3oB7FVhtnm9IiB2i6Iv9.jpg,是,SIFT,82.0,-,0.5333,-0.0,0.9969,✅,,
train\images\train_0098_t0_jpg.rf.51fbab91d7601f8985c4ca28e5076f89.jpg,25_jpg.rf.YdItq0XeLQoXS7oHmItp.jpg,是,SIFT,166.0,-,0.5333,-0.01,0.9974,✅,,
train\images\train_0098_t1_jpg.rf.119b406e2045b21d5b2d45859ae87e72.jpg,25_jpg.rf.YdItq0XeLQoXS7oHmItp.jpg,是,SIFT,195.0,-,0.5333,0.01,0.9978,✅,,
train\images\train_0098_t2_jpg.rf.d7ef00483e587854254f631f29c4f7e4.jpg,25_jpg.rf.YdItq0XeLQoXS7oHmItp.jpg,是,SIFT,220.0,-,0.5333,-0.0,0.998,✅,,
train\images\train_0099_t0_jpg.rf.5526da4f8379db05eee1f5289e81f054.jpg,262_jpg.rf.Eozgl5PsKa16QY8PWf11.jpg,是,SIFT,223.0,-,0.5333,-0.0,0.9987,✅,,
train\images\train_0100_t0_jpg.rf.078e82007fe89bcc15b7c232df71ff39.jpg,267_jpg.rf.gaCBE4wbwchHVAvIU3sk.jpg,是,SIFT,230.0,-,0.5333,0.01,0.9982,✅,,
train\images\train_0101_t0_jpg.rf.70d1639a177e94c8142f50cc8d2e293e.jpg,26_jpg.rf.K4IQ538cBB8w1qArxEsM.jpg,是,SIFT,171.0,-,0.5333,-0.02,0.998,✅,,
train\images\train_0101_t1_jpg.rf.d50e505a89a1ea7809477fa488d8b26e.jpg,26_jpg.rf.K4IQ538cBB8w1qArxEsM.jpg,是,SIFT,118.0,-,0.5334,0.0,0.9981,✅,,
train\images\train_0101_t2_jpg.rf.3d7bcf85680c705b21121a4113061c08.jpg,26_jpg.rf.K4IQ538cBB8w1qArxEsM.jpg,是,SIFT,168.0,-,0.5334,-0.01,0.9982,✅,,
train\images\train_0102_t0_jpg.rf.9d4336b37e95a82b8196f09e2d3871a9.jpg,27_jpg.rf.2L4EQCrDObgBuMzJcS4j.jpg,是,SIFT,194.0,-,0.5333,-0.0,0.9977,✅,,
train\images\train_0102_t1_jpg.rf.ad7ca2e40e6cddeaebd4358c21c2fe35.jpg,27_jpg.rf.2L4EQCrDObgBuMzJcS4j.jpg,是,SIFT,183.0,-,0.5333,-0.01,0.9976,✅,,
train\images\train_0102_t2_jpg.rf.d90f2ac256d40b52c777eeb616ade37c.jpg,27_jpg.rf.2L4EQCrDObgBuMzJcS4j.jpg,是,SIFT,166.0,-,0.533,-0.04,0.9969,✅,,
train\images\train_0103_t0_jpg.rf.385d6ca303c48409468e19b57d3659d7.jpg,281_jpg.rf.L1l41sbw8M7UgkwCiVxh.jpg,是,SIFT,149.0,-,0.5333,0.01,0.9983,✅,,
train\images\train_0104_t1_jpg.rf.037b1c937565242a6fcce75408960743.jpg,28_jpg.rf.yckZZ4Y3NHIiE6EeWDof.jpg,是,SIFT,184.0,-,0.5334,0.0,0.996,✅,,
train\images\train_0107_t0_jpg.rf.f7034dae4f2619be1737fef8ae5db44a.jpg,309_jpg.rf.mtLxaGTewqdVcYu8KVPy.jpg,是,SIFT,318.0,-,0.8145,-0.0,0.9942,✅,,
train\images\train_0115_t0_jpg.rf.14510fe1f747d7fab7481710bd4ce610.jpg,335_jpg.rf.VSc3QvV4LiGTkYpWY8J5.jpg,是,SIFT,269.0,-,0.3474,0.01,0.9977,✅,,
train\images\train_0116_t1_jpg.rf.cce9f939af03f636a656f62915ff3338.jpg,33_jpg.rf.Vxt2XHnhpAkisL8n5k5h.jpg,是,SIFT,218.0,-,0.5333,0.0,0.9979,✅,,
train\images\train_0116_t2_jpg.rf.68c88601db03c0c82c755244a584c5b5.jpg,33_jpg.rf.Vxt2XHnhpAkisL8n5k5h.jpg,是,SIFT,259.0,-,0.5333,-0.01,0.9978,✅,,
train\images\train_0118_t0_jpg.rf.6d384b0de2e6597d82a106d8f93fc35e.jpg,35_jpg.rf.rxztBb7D8sZR3PErdeUY.jpg,是,SIFT,85.0,-,0.5333,-0.01,0.9978,✅,,
train\images\train_0118_t1_jpg.rf.89f36eb1d197df845072703708255715.jpg,35_jpg.rf.rxztBb7D8sZR3PErdeUY.jpg,是,SIFT,70.0,-,0.5333,0.04,0.9981,✅,,
train\images\train_0118_t2_jpg.rf.f4dc5acdcfb3485382e0242d3cf6b346.jpg,35_jpg.rf.rxztBb7D8sZR3PErdeUY.jpg,是,SIFT,63.0,-,0.5333,-0.03,0.9976,✅,,
train\images\train_0118_t3_jpg.rf.6d00eca3702560068a6d2fa02679ddf5.jpg,35_jpg.rf.rxztBb7D8sZR3PErdeUY.jpg,是,SIFT,63.0,-,0.5333,0.02,0.9979,✅,,
train\images\train_0121_t0_jpg.rf.a584bd158c7340a20a49f0c94944d83b.jpg,389_jpg.rf.7d3cdMnnG6zhIJLxuKAB.jpg,是,SIFT,198.0,-,0.5333,-0.0,0.9987,✅,,
train\images\train_0122_t0_jpg.rf.849ac62e33936d60f2bad0b06e5bcbe0.jpg,38_jpg.rf.Z7hAILmQxetsz8LDVTpi.jpg,是,SIFT,64.0,-,0.5333,0.0,0.9983,✅,,
train\images\train_0122_t1_jpg.rf.a6aaf91ea6acb4dfac155a965dcab2e3.jpg,38_jpg.rf.Z7hAILmQxetsz8LDVTpi.jpg,是,SIFT,56.0,-,0.5333,-0.0,0.9981,✅,,
train\images\train_0122_t2_jpg.rf.9c687b4dabfc8f94160ffbda52639eba.jpg,38_jpg.rf.Z7hAILmQxetsz8LDVTpi.jpg,,SIFT,,,,,0.9878,✅ 人工目視確認後收回,train\labels\train_0122_t2_jpg.rf.9c687b4dabfc8f94160ffbda52639eba.txt,有（待目視確認）
train\images\train_0124_t0_jpg.rf.efd81c196de1dcf17c84508087d5b8c5.jpg,41_jpg.rf.k4vBVFfQpOdyIsqd3mCz.jpg,是,SIFT,303.0,-,0.5333,0.0,0.9975,✅,,
train\images\train_0124_t1_jpg.rf.dc7a452a4698c4e6be8d68a171428ffa.jpg,41_jpg.rf.k4vBVFfQpOdyIsqd3mCz.jpg,是,SIFT,255.0,-,0.5333,0.0,0.9976,✅,,
train\images\train_0125_t0_jpg.rf.15f9977cb1dfb86f71771ab810bf0f93.jpg,42_jpg.rf.W8Npjron5qYORvc1SsDk.jpg,是,SIFT,249.0,-,0.5333,-0.01,0.998,✅,,
train\images\train_0125_t1_jpg.rf.1f4ddbca08414ee3cae75a5f847b08c3.jpg,42_jpg.rf.W8Npjron5qYORvc1SsDk.jpg,是,SIFT,196.0,-,0.5333,0.0,0.9978,✅,,
train\images\train_0125_t2_jpg.rf.7941f977e6a3b7b3401db3e73515cb0b.jpg,42_jpg.rf.W8Npjron5qYORvc1SsDk.jpg,是,SIFT,178.0,-,0.5333,-0.01,0.9975,✅,,
train\images\train_0126_t0_jpg.rf.7137fbea653e476a26788fbf3e650ff8.jpg,43_jpg.rf.60YwM7raRUelPWEty02v.jpg,是,SIFT,78.0,-,0.5333,0.0,0.9981,✅,,
train\images\train_0126_t1_jpg.rf.3f9817c4fdaa2f0bc2dee2c2d19d6b0c.jpg,43_jpg.rf.60YwM7raRUelPWEty02v.jpg,是,SIFT,40.0,-,0.5333,0.0,0.9977,✅,,
train\images\train_0126_t2_jpg.rf.3a2676c92ffd25c0134e6c9629d20983.jpg,43_jpg.rf.60YwM7raRUelPWEty02v.jpg,是,SIFT,95.0,-,0.5334,0.0,0.998,✅,,
train\images\train_0126_t3_jpg.rf.5415409c3e3b0490a4b4535b8bb10384.jpg,43_jpg.rf.60YwM7raRUelPWEty02v.jpg,是,SIFT,94.0,-,0.5332,0.03,0.9973,✅,,
train\images\train_0127_t0_jpg.rf.fa3a16d298912c8d4234b44a34a6fdc5.jpg,44_jpg.rf.OrHGTFtDTO2i94ZeYUlZ.jpg,是,SIFT,279.0,-,0.5333,0.0,0.9982,✅,,
train\images\train_0127_t1_jpg.rf.54643c18d7d2c2b68268d6c9f971ec3e.jpg,44_jpg.rf.OrHGTFtDTO2i94ZeYUlZ.jpg,是,SIFT,186.0,-,0.5333,0.0,0.998,✅,,
train\images\train_0128_t0_jpg.rf.c9841bb3c80843dabc3afe27e894e9d1.jpg,45_jpg.rf.MMWvsIcVmSDaFyNofCqQ.jpg,是,SIFT,99.0,-,0.5333,-0.01,0.9983,✅,,
train\images\train_0128_t1_jpg.rf.9325862a297cd807715a9c30cd0e1c12.jpg,45_jpg.rf.MMWvsIcVmSDaFyNofCqQ.jpg,是,SIFT,163.0,-,0.5333,0.01,0.9982,✅,,
train\images\train_0128_t2_jpg.rf.0f86f5e3a0cb6bf9460eed5d4d42dc24.jpg,45_jpg.rf.MMWvsIcVmSDaFyNofCqQ.jpg,是,SIFT,98.0,-,0.5333,-0.04,0.998,✅,,
train\images\train_0129_t0_jpg.rf.e7c387ef0ff35400f7074a68baf60a13.jpg,46_jpg.rf.oKUB9c3MnnrfVqrHil9g.jpg,是,SIFT,101.0,-,0.3711,-0.01,0.9947,✅,,
train\images\train_0129_t1_jpg.rf.6eb827f992da77116729975e07bdf360.jpg,46_jpg.rf.oKUB9c3MnnrfVqrHil9g.jpg,是,SIFT,144.0,-,0.371,-0.01,0.9941,✅,,
train\images\train_0129_t2_jpg.rf.3c6834f8cc9718b346a84f1dca42dc75.jpg,46_jpg.rf.oKUB9c3MnnrfVqrHil9g.jpg,是,SIFT,134.0,-,0.371,0.02,0.9941,✅,,
train\images\train_0129_t3_jpg.rf.9221cab6e69457e14fb598f77604cdbc.jpg,46_jpg.rf.oKUB9c3MnnrfVqrHil9g.jpg,是,SIFT,144.0,-,0.3711,0.01,0.9943,✅,,
train\images\train_0131_t0_jpg.rf.697836e956c832f91231290e51e0a9db.jpg,47_jpg.rf.Bhb0yLOorNaEcniupN2m.jpg,是,SIFT,222.0,-,0.373,-0.0,0.994,✅,,
train\images\train_0132_t0_jpg.rf.d37f66b0bf96ddf758c19889af79f03f.jpg,48_jpg.rf.0j0yaPlfhUgKM6GjxgDt.jpg,是,SIFT,193.0,-,0.5333,-0.01,0.9983,✅,,
train\images\train_0135_t0_jpg.rf.08b21bb3d1aa5f93e7803d62e6e312d9.jpg,52_jpg.rf.83z9smu95Fxgyry8bzt1.jpg,是,SIFT,199.0,-,0.5333,-0.0,0.9988,✅,,
train\images\train_0136_t0_jpg.rf.c4866845022dacee04aed4b934ceb0f0.jpg,53_jpg.rf.ZgvZFQZpDfOV13XJKCR7.jpg,是,SIFT,216.0,-,0.5333,0.01,0.9973,✅,,
train\images\train_0137_t0_jpg.rf.358085183787b2923c39463c7f27cbdc.jpg,54_jpg.rf.hDzYTtPzZ2avrtws6FCA.jpg,是,SIFT,94.0,-,0.5333,-0.02,0.9981,✅,,
train\images\train_0137_t1_jpg.rf.10094488ba0eb6e307ced49de0cdf9d6.jpg,54_jpg.rf.hDzYTtPzZ2avrtws6FCA.jpg,是,SIFT,117.0,-,0.5333,0.01,0.9977,✅,,
train\images\train_0138_t0_jpg.rf.b3b6e4e86049ef3a67f74c8910eabc83.jpg,56_jpg.rf.aHM5ptHqJPwdS7LClBtQ.jpg,是,SIFT,174.0,-,0.5333,0.01,0.9975,✅,,
train\images\train_0138_t1_jpg.rf.789c59b581d0b148d2548e12f00ded58.jpg,56_jpg.rf.aHM5ptHqJPwdS7LClBtQ.jpg,是,SIFT,156.0,-,0.5333,-0.0,0.9973,✅,,
train\images\train_0139_t0_jpg.rf.ed5e5ce0542f340ae730ba2f673de439.jpg,57_jpg.rf.cv2DG9UVBiE0GbOtRYFV.jpg,是,SIFT,273.0,-,0.5333,-0.0,0.9978,✅,,
train\images\train_0140_t1_jpg.rf.e58be75c2486c9188c61fb477a5d0835.jpg,58_jpg.rf.PkZlRW8RYCkuHm1byh6m.jpg,是,SIFT,159.0,-,0.5333,0.01,0.9982,✅,,
train\images\train_0141_t0_jpg.rf.adba374dee3cab7f8ae2eb1c07c3cfac.jpg,60_jpg.rf.gGAL92Nn6WJIkvJQyEjo.jpg,是,SIFT,87.0,-,0.5334,-0.01,0.9981,✅,,
train\images\train_0141_t1_jpg.rf.0beacd8924db4092019830248b74bd1e.jpg,60_jpg.rf.gGAL92Nn6WJIkvJQyEjo.jpg,是,SIFT,83.0,-,0.5333,0.01,0.9981,✅,,
train\images\train_0141_t2_jpg.rf.0a353bd82380ca96b3792f8f54fbda4f.jpg,60_jpg.rf.gGAL92Nn6WJIkvJQyEjo.jpg,是,SIFT,96.0,-,0.5334,-0.01,0.9984,✅,,
train\images\train_0141_t3_jpg.rf.2541181b91c90e9679b92625a1532bc0.jpg,60_jpg.rf.gGAL92Nn6WJIkvJQyEjo.jpg,是,SIFT,88.0,-,0.5334,0.0,0.9981,✅,,
train\images\train_0142_t1_jpg.rf.ba419f4b67e7c69d77157d02a5f6514a.jpg,61_jpg.rf.mXCHH5V8gTm3s06WlJtd.jpg,是,SIFT,92.0,-,0.5334,-0.01,0.9981,✅,,
train\images\train_0142_t2_jpg.rf.f7cb5a8968f0a829397c12617ff44ae0.jpg,61_jpg.rf.mXCHH5V8gTm3s06WlJtd.jpg,是,SIFT,94.0,-,0.5333,-0.01,0.9983,✅,,
train\images\train_0144_t0_jpg.rf.9ad87e25cde5497880b33b1b42689ba5.jpg,62_jpg.rf.CBqVbMDqE8DFXg7OexjQ.jpg,是,SIFT,160.0,-,0.7874,0.0,0.9917,✅,,
train\images\train_0144_t1_jpg.rf.7664712e4aa956a871feb705e40308bc.jpg,62_jpg.rf.CBqVbMDqE8DFXg7OexjQ.jpg,,SIFT,,,,,0.9894,✅ 人工目視確認後收回,train\labels\train_0144_t1_jpg.rf.7664712e4aa956a871feb705e40308bc.txt,有（待目視確認）
train\images\train_0144_t2_jpg.rf.502553066bb507b3378283e19e00db57.jpg,62_jpg.rf.CBqVbMDqE8DFXg7OexjQ.jpg,是,SIFT,158.0,-,0.7874,0.02,0.9907,✅,,
train\images\train_0146_t0_jpg.rf.03f9f078b0054a6003954c9a760f7886.jpg,63_jpg.rf.6IWl7ekdYdGIwjwbpuOy.jpg,是,SIFT,207.0,-,0.3475,0.01,0.9964,✅,,
train\images\train_0146_t1_jpg.rf.ac991267c4b3d47700da54bf4a30ee75.jpg,63_jpg.rf.6IWl7ekdYdGIwjwbpuOy.jpg,是,SIFT,199.0,-,0.3474,-0.01,0.996,✅,,
train\images\train_0146_t2_jpg.rf.b1ab49e4a26bf6493686491e8ec51a62.jpg,63_jpg.rf.6IWl7ekdYdGIwjwbpuOy.jpg,是,SIFT,167.0,-,0.3475,-0.0,0.9965,✅,,
train\images\train_0146_t3_jpg.rf.18a079480c2ae38719af353ad5a20b71.jpg,63_jpg.rf.6IWl7ekdYdGIwjwbpuOy.jpg,是,SIFT,209.0,-,0.3474,-0.01,0.9971,✅,,
train\images\train_0148_t0_jpg.rf.56e7955514f5b8329fda0875e0212042.jpg,66_jpg.rf.miVPy0cCmqVV1HC56Rqr.jpg,是,SIFT,183.0,-,0.5333,-0.0,0.9976,✅,,
train\images\train_0148_t1_jpg.rf.e8cb02dbf822e934cc2d223d0b409b8a.jpg,66_jpg.rf.miVPy0cCmqVV1HC56Rqr.jpg,是,SIFT,139.0,-,0.5334,0.0,0.9977,✅,,
train\images\train_0150_t0_jpg.rf.229752ef1dfbef0dfe4e086a2807865f.jpg,67_jpg.rf.VQnKgbZPVaNoXwNDcbLr.jpg,是,SIFT,111.0,-,0.5334,-0.02,0.9982,✅,,
train\images\train_0150_t1_jpg.rf.1ee2d087f5ec08855390665b02737424.jpg,67_jpg.rf.VQnKgbZPVaNoXwNDcbLr.jpg,是,SIFT,146.0,-,0.5333,0.02,0.9981,✅,,
train\images\train_0150_t2_jpg.rf.b10ccb0102273b3274be1c83471a6109.jpg,67_jpg.rf.VQnKgbZPVaNoXwNDcbLr.jpg,是,SIFT,75.0,-,0.5333,0.04,0.9976,✅,,
train\images\train_0152_t0_jpg.rf.76d85a4e84ad5fd4997c356acbb83514.jpg,69_jpg.rf.2GwcJQEk5IBhzCOJlhAh.jpg,是,SIFT,74.0,-,0.5333,0.03,0.9979,✅,,
train\images\train_0157_t0_jpg.rf.ce06f04c437cb5ae098797643969578b.jpg,78_jpg.rf.d8MorItwzn1vmFMEGrOC.jpg,是,SIFT,120.0,-,0.5333,-0.0,0.9982,✅,,
train\images\train_0157_t1_jpg.rf.db825790b85b426024c468d22134be13.jpg,78_jpg.rf.d8MorItwzn1vmFMEGrOC.jpg,是,SIFT,102.0,-,0.5333,-0.0,0.9976,✅,,
train\images\train_0157_t2_jpg.rf.68bf99261f7b54fd33afa3d719d77fab.jpg,78_jpg.rf.d8MorItwzn1vmFMEGrOC.jpg,是,SIFT,118.0,-,0.5333,0.01,0.9968,✅,,
train\images\train_0159_t0_jpg.rf.28bc4f562f7c29c8fc12f39055604dd7.jpg,81_jpg.rf.xVh3zp7hl7xeLhQSsijV.jpg,是,SIFT,187.0,-,0.5333,0.0,0.9984,✅,,
train\images\train_0161_t0_jpg.rf.53eaee1cdda9486d0094d970e1799d06.jpg,82_jpg.rf.ckjJRLR79hPkw7B0Ypc2.jpg,是,SIFT,188.0,-,0.5333,-0.0,0.9976,✅,,
train\images\train_0162_t0_jpg.rf.0841fd03ce121bfde931526db0b9f336.jpg,83_jpg.rf.7hAESrXzVGfRMCxyuUno.jpg,是,SIFT,193.0,-,0.5333,0.0,0.9979,✅,,
train\images\train_0163_t2_jpg.rf.0897b3fcddb88ce69e37d142e1959e8e.jpg,84_jpg.rf.GjHSxFvj3jYcL4R04xbw.jpg,是,SIFT,209.0,-,0.5333,0.0,0.9974,✅,,
train\images\train_0165_t2_jpg.rf.bd094240adeb30778315803df9130a50.jpg,85_jpg.rf.uVTv21zq0hjLOG55ahuY.jpg,是,SIFT,141.0,-,0.5333,-0.0,0.9979,✅,,
train\images\train_0166_t0_jpg.rf.cc20a6daef5e14b174af1987c97b570e.jpg,85_jpg.rf.kSAuDn5xqoTnX2QRDKeS.jpg,是,SIFT,197.0,-,0.5333,-0.0,0.9986,✅,,
train\images\train_0167_t0_jpg.rf.aec745b33da5d2c01c4e6db4ce5a8e50.jpg,87_jpg.rf.V0rSjsbHfRybKCSPjzq9.jpg,是,SIFT,330.0,-,0.3474,-0.0,0.9975,✅,,
train\images\train_0167_t1_jpg.rf.560142b0672806c0b7a58afe03fe4a23.jpg,87_jpg.rf.V0rSjsbHfRybKCSPjzq9.jpg,是,SIFT,302.0,-,0.3474,-0.01,0.9977,✅,,
train\images\train_0167_t2_jpg.rf.71a4f8442586844ae3d4b4ddf18e79b3.jpg,87_jpg.rf.V0rSjsbHfRybKCSPjzq9.jpg,是,SIFT,462.0,-,0.3474,0.0,0.9956,✅,,
train\images\train_0168_t0_jpg.rf.84ff2101f7bf3c35c258922b02e48592.jpg,88_jpg.rf.hBh97g6026Yap1d3t74c.jpg,是,SIFT,243.0,-,0.3474,-0.0,0.9975,✅,,
train\images\train_0168_t1_jpg.rf.3188840e204fe9ba977ae76e472bb7b2.jpg,88_jpg.rf.hBh97g6026Yap1d3t74c.jpg,是,SIFT,185.0,-,0.3475,-0.0,0.996,✅,,
train\images\train_0168_t3_jpg.rf.8a431bd2d2a2bae7200165d666717d6f.jpg,88_jpg.rf.hBh97g6026Yap1d3t74c.jpg,是,SIFT,275.0,-,0.3474,-0.0,0.9967,✅,,
train\images\train_0169_t0_jpg.rf.13c989d4467484512a72145ebab349bb.jpg,89_jpg.rf.cKGT46kU63jdCjEe8NFW.jpg,是,SIFT,404.0,-,0.3474,0.01,0.9967,✅,,
train\images\train_0169_t1_jpg.rf.f78e48110f4079dc56fdb28d2db9d6d8.jpg,89_jpg.rf.cKGT46kU63jdCjEe8NFW.jpg,是,SIFT,452.0,-,0.3474,0.0,0.9973,✅,,
train\images\train_0171_t0_jpg.rf.59d9a975e308d47a8884d83c82dce487.jpg,94_jpg.rf.zpobyPWGRspbMkeEFSkR.jpg,是,SIFT,112.0,-,0.5333,0.01,0.9982,✅,,
train\images\train_0171_t1_jpg.rf.e274893b3e5d2419b796237d61b660b5.jpg,94_jpg.rf.zpobyPWGRspbMkeEFSkR.jpg,是,SIFT,101.0,-,0.5333,-0.02,0.9983,✅,,
train\images\train_0171_t2_jpg.rf.ec6aeb5dbb5329fbe21d9a500dcfd2c9.jpg,94_jpg.rf.zpobyPWGRspbMkeEFSkR.jpg,是,SIFT,80.0,-,0.5333,0.01,0.998,✅,,
train\images\train_0175_t2_jpg.rf.2f20342ea03518a6e568b648c478006f.jpg,97_jpg.rf.9pSw3gdEjWjoLHxfOJ3n.jpg,是,SIFT,115.0,-,0.794,0.01,0.9936,✅,,
train\images\train_0176_t0_jpg.rf.1a4ca9c4bdc295d7da922094b8fff4d3.jpg,97_jpg.rf.xFrOz30h9eXKPrAqQMSI.jpg,是,SIFT,281.0,-,0.8115,-0.0,0.9954,✅,,
train\images\train_0177_t0_jpg.rf.f440dbc0bd8f979e326c9305f38276df.jpg,98_jpg.rf.cFzUsRMOx8HCHeNxF5Mr.jpg,是,SIFT,192.0,-,0.8024,0.0,0.9918,✅,,
train\images\train_0177_t1_jpg.rf.4ffee5525113677c9785fe515a391cf4.jpg,98_jpg.rf.cFzUsRMOx8HCHeNxF5Mr.jpg,是,SIFT,201.0,-,0.8024,0.0,0.9918,✅,,
train\images\train_0178_t0_jpg.rf.080f8daab00846e2ba315046f85591a2.jpg,99_jpg.rf.ymTRFEplz4tp3CHxPDGj.jpg,是,SIFT,198.0,-,0.5334,-0.01,0.9981,✅,,
train\images\train_0179_t0_jpg.rf.bf53b5e862f06ecb06ebf0f99220cbef.jpg,99_jpg.rf.mrJSTunk5a0CRpJGcABi.jpg,,SIFT,,,,,0.9883,✅ 人工目視確認後收回,train\labels\train_0179_t0_jpg.rf.bf53b5e862f06ecb06ebf0f99220cbef.txt,有（待目視確認）
