epoch,time,train/box_loss,train/pose_loss,train/kobj_loss,train/cls_loss,train/l1_loss,train/rle_loss,metrics/precision(B),metrics/recall(B),metrics/mAP50(B),metrics/mAP50-95(B),metrics/precision(P),metrics/recall(P),metrics/mAP50(P),metrics/mAP50-95(P),val/box_loss,val/pose_loss,val/kobj_loss,val/cls_loss,val/l1_loss,val/rle_loss,lr/pg0,lr/pg1,lr/pg2
1,5.18209,2.13684,2.1666,0.59421,2.06252,0.05175,22.2334,0.00533,0.08163,0.00067,0.00012,0.39626,0.44898,0.41033,0.06898,4.19369,2.93505,0.38622,4.11238,0.15463,0,0.000320988,0.000320988,0.0682222
2,8.22649,1.81817,1.95811,0.4463,1.28208,0.04302,18.9891,0.16782,0.20408,0.06312,0.00946,0.6033,0.67347,0.62922,0.16161,3.63158,2.59591,0.27827,1.75511,0.1215,0,0.000650002,0.000650002,0.0352179
3,11.2915,1.95467,1.50543,0.46837,1.32169,0.04605,17.8919,0.4908,0.67347,0.55155,0.11531,0.63929,0.85714,0.78253,0.27478,3.12051,2.26189,0.27807,1.11226,0.09233,0,0.000974617,0.000974617,0.00220919
4,14.4293,1.98039,1.27642,0.54355,1.21763,0.04451,16.7009,0.81499,0.91837,0.90411,0.37368,0.7954,0.89796,0.86861,0.53453,1.85335,1.30509,0.3774,0.73002,0.04411,0,0.0009802,0.0009802,0.0009802
5,17.4337,1.9922,1.13861,0.49588,1.13054,0.04658,16.5318,0.69336,0.78458,0.66568,0.17453,0.80101,0.90372,0.90608,0.62593,2.56921,1.05352,0.28879,0.88941,0.06778,0,0.0009736,0.0009736,0.0009736
6,20.3883,1.64046,1.05869,0.48169,0.85349,0.0382,15.7722,0.74285,0.79592,0.71774,0.23672,0.82206,0.87755,0.9079,0.64035,2.30641,0.96042,0.24868,0.83025,0.05491,0,0.000967,0.000967,0.000967
7,23.2711,1.72206,0.83825,0.41653,0.88907,0.03926,14.8795,0.79978,0.91837,0.91679,0.34681,0.81809,0.93878,0.9438,0.76792,2.08853,0.70147,0.28479,0.69591,0.05089,0,0.0009604,0.0009604,0.0009604
8,26.265,1.71619,0.77753,0.46562,0.88464,0.0391,14.3683,0.79196,0.87755,0.86443,0.33937,0.80378,0.89796,0.90592,0.74839,2.06568,0.67259,0.33476,0.77078,0.04574,0,0.0009538,0.0009538,0.0009538
9,29.2654,1.75287,0.6245,0.45021,0.88537,0.03704,14.0101,0.84435,0.85714,0.89368,0.3733,0.86445,0.87755,0.93121,0.83076,1.97256,0.39903,0.32903,0.6861,0.04325,0,0.0009472,0.0009472,0.0009472
10,32.2046,1.65242,0.58071,0.4851,0.94394,0.03675,12.9924,0.89276,0.89796,0.93874,0.43311,0.90517,0.91837,0.94933,0.89676,1.8196,0.26114,0.32773,0.67932,0.03887,0,0.0009406,0.0009406,0.0009406
11,35.0989,1.51101,0.51845,0.51142,0.8214,0.03221,12.3907,0.9215,0.95823,0.95241,0.46472,0.9215,0.95823,0.95991,0.9115,1.76502,0.29159,0.25437,0.607,0.03932,0,0.000934,0.000934,0.000934
12,38.0688,1.58962,0.47079,0.42642,0.80825,0.03495,12.4404,0.90149,0.93392,0.93392,0.5752,0.90149,0.93392,0.95107,0.90502,1.27211,0.29819,0.20515,0.53199,0.02664,0,0.0009274,0.0009274,0.0009274
13,40.962,1.57934,0.43232,0.44729,0.84217,0.03356,12.2586,0.88122,0.90855,0.93556,0.59129,0.95513,0.8689,0.95637,0.89829,1.24859,0.33391,0.19742,0.53622,0.02513,0,0.0009208,0.0009208,0.0009208
14,43.9021,1.65711,0.42465,0.51979,0.78894,0.03415,11.7656,0.77289,0.90294,0.90488,0.48294,0.83447,0.87755,0.92556,0.82623,1.60111,0.4033,0.20504,0.64246,0.03365,0,0.0009142,0.0009142,0.0009142
15,46.8191,1.52547,0.53752,0.43922,0.8119,0.03446,11.9881,0.87349,0.85714,0.90403,0.40561,0.87304,0.84213,0.93006,0.85878,1.72165,0.36163,0.18949,0.70483,0.03442,0,0.0009076,0.0009076,0.0009076
16,49.7437,1.51161,0.36563,0.43632,0.6834,0.03352,11.3694,0.92527,0.89796,0.93655,0.4399,0.92527,0.89796,0.95166,0.88845,1.603,0.29872,0.18044,0.72583,0.03121,0,0.000901,0.000901,0.000901
17,52.6487,1.491,0.38635,0.33892,0.74163,0.03316,11.6774,0.93809,0.89796,0.94738,0.45801,0.93809,0.89796,0.95298,0.91703,1.55574,0.26722,0.16099,0.64239,0.03207,0,0.0008944,0.0008944,0.0008944
18,55.58,1.46911,0.40702,0.52818,0.77004,0.02987,11.2366,0.9317,0.89796,0.94061,0.43313,0.93648,0.90264,0.94187,0.90529,1.65368,0.26289,0.15825,0.57336,0.03689,0,0.0008878,0.0008878,0.0008878
19,58.4688,1.52431,0.35744,0.49021,0.70638,0.03245,10.6476,0.88173,0.91296,0.92277,0.42254,0.90302,0.89796,0.92705,0.87512,1.63904,0.27973,0.16799,0.5851,0.03591,0,0.0008812,0.0008812,0.0008812
20,61.398,1.51277,0.35308,0.41689,0.75958,0.03092,10.6134,0.86207,0.81633,0.89605,0.49149,0.86207,0.81633,0.91591,0.85282,1.65675,0.29796,0.16348,0.64119,0.03587,0,0.0008746,0.0008746,0.0008746
21,64.363,1.43062,0.31619,0.49467,0.7553,0.02989,10.0438,0.88518,0.87755,0.90911,0.55126,0.88518,0.87755,0.91301,0.88561,1.43956,0.21066,0.16186,0.57039,0.0294,0,0.000868,0.000868,0.000868
22,67.3667,1.41486,0.345,0.45775,0.71326,0.02912,10.0236,0.89533,0.89796,0.93691,0.59878,0.91702,0.87755,0.93696,0.91933,1.25843,0.17955,0.16683,0.53352,0.02457,0,0.0008614,0.0008614,0.0008614
23,70.3802,1.49601,0.23855,0.40437,0.68462,0.03088,9.61063,0.94275,0.85714,0.95941,0.52263,0.94275,0.85714,0.95989,0.92321,1.50477,0.21009,0.18413,0.58025,0.0322,0,0.0008548,0.0008548,0.0008548
24,73.3756,1.49808,0.30917,0.44622,0.71386,0.02964,9.81934,0.93718,0.91837,0.94172,0.42582,0.93718,0.91837,0.94626,0.92893,1.86543,0.14637,0.19818,0.6299,0.03994,0,0.0008482,0.0008482,0.0008482
25,76.3539,1.4207,0.25593,0.42932,0.67407,0.02929,9.93946,0.95816,0.93469,0.96222,0.51752,0.95816,0.93469,0.96222,0.95407,1.52654,0.10801,0.16455,0.49741,0.03,0,0.0008416,0.0008416,0.0008416
26,79.2868,1.40918,0.2292,0.452,0.62025,0.02959,9.06816,0.93357,0.91837,0.96497,0.52524,0.93357,0.91837,0.96497,0.95701,1.41692,0.09643,0.14416,0.4729,0.02781,0,0.000835,0.000835,0.000835
27,82.1924,1.47049,0.35958,0.45051,0.75371,0.0303,10.1763,0.93346,0.91837,0.97094,0.50755,0.87282,1,0.97266,0.96595,1.5117,0.10576,0.12765,0.47746,0.03163,0,0.0008284,0.0008284,0.0008284
28,85.1038,1.45263,0.24028,0.45546,0.57342,0.02862,8.69477,0.87662,1,0.97699,0.51029,0.87662,1,0.97699,0.96402,1.53353,0.11812,0.12032,0.45947,0.03389,0,0.0008218,0.0008218,0.0008218
29,88.0111,1.41864,0.21966,0.50545,0.71529,0.0271,8.95523,0.88124,0.97959,0.97451,0.54572,0.88124,0.97959,0.97451,0.95758,1.42725,0.11536,0.1174,0.45391,0.03028,0,0.0008152,0.0008152,0.0008152
30,90.9551,1.31287,0.3031,0.35083,0.6787,0.02573,9.17758,0.9017,0.93602,0.96234,0.54961,0.9017,0.93602,0.9691,0.94145,1.42537,0.16581,0.1114,0.47721,0.02876,0,0.0008086,0.0008086,0.0008086
31,93.894,1.30467,0.26644,0.44238,0.64356,0.02819,9.13797,0.90558,0.95918,0.96264,0.5007,0.90558,0.95918,0.96685,0.94745,1.54113,0.18316,0.10136,0.54029,0.03265,0,0.000802,0.000802,0.000802
32,96.7695,1.35633,0.24539,0.50598,0.6122,0.02861,9.06482,0.9153,0.91837,0.96248,0.46841,0.9153,0.91837,0.96565,0.9431,1.68249,0.17375,0.09372,0.54921,0.0374,0,0.0007954,0.0007954,0.0007954
33,99.6641,1.28319,0.28262,0.3865,0.59368,0.02774,8.60803,0.93593,0.93878,0.97257,0.46097,0.93593,0.93878,0.97257,0.95083,1.7957,0.14466,0.09614,0.55887,0.04229,0,0.0007888,0.0007888,0.0007888
34,102.58,1.46446,0.23139,0.40308,0.61642,0.02986,8.31605,0.93163,0.93878,0.97707,0.57482,0.93163,0.93878,0.97707,0.96081,1.48394,0.13543,0.0994,0.50106,0.03282,0,0.0007822,0.0007822,0.0007822
35,105.472,1.34011,0.23032,0.30759,0.50947,0.02848,8.06368,0.89849,0.95918,0.96515,0.57135,0.89849,0.95918,0.96515,0.94771,1.48234,0.14308,0.10741,0.4834,0.0319,0,0.0007756,0.0007756,0.0007756
36,108.399,1.34939,0.23581,0.40246,0.59937,0.02914,8.42138,0.90358,0.95625,0.97197,0.49823,0.90358,0.95625,0.96987,0.9502,1.61344,0.15118,0.11279,0.47923,0.03414,0,0.000769,0.000769,0.000769
37,111.293,1.32785,0.26101,0.41447,0.60801,0.02803,8.3648,0.88775,0.91837,0.95343,0.45904,0.88775,0.91837,0.94806,0.93478,1.73346,0.12987,0.10676,0.54844,0.03794,0,0.0007624,0.0007624,0.0007624
38,114.194,1.44086,0.27868,0.4425,0.59245,0.03054,8.41227,0.85075,0.97959,0.93917,0.45272,0.85075,0.97959,0.93906,0.91437,1.72382,0.13646,0.10271,0.58172,0.03747,0,0.0007558,0.0007558,0.0007558
39,117.075,1.3342,0.19796,0.45159,0.62518,0.02719,8.11979,0.91148,0.93878,0.93578,0.51316,0.91148,0.93878,0.94836,0.93608,1.518,0.10123,0.10848,0.5144,0.03141,0,0.0007492,0.0007492,0.0007492
40,120.024,1.32549,0.17114,0.45059,0.54756,0.02737,7.93965,0.87237,0.97649,0.95139,0.54693,0.87237,0.97649,0.95491,0.944,1.38943,0.09606,0.12873,0.48372,0.0285,0,0.0007426,0.0007426,0.0007426
41,122.921,1.35882,0.20675,0.36314,0.67361,0.0269,7.71232,0.93793,0.93878,0.97339,0.5216,0.93793,0.93878,0.97445,0.95731,1.45885,0.15328,0.12119,0.47411,0.02933,0,0.000736,0.000736,0.000736
42,125.816,1.25446,0.18554,0.43689,0.62107,0.02505,7.84365,0.90348,0.95527,0.96614,0.48887,0.90348,0.95527,0.96735,0.93654,1.57692,0.18839,0.12281,0.54916,0.03213,0,0.0007294,0.0007294,0.0007294
43,128.704,1.37522,0.18238,0.40013,0.55412,0.02704,7.77481,0.91683,0.93878,0.96887,0.50779,0.93961,0.95263,0.97014,0.93871,1.54813,0.22337,0.15299,0.5527,0.03287,0,0.0007228,0.0007228,0.0007228
44,131.631,1.41959,0.19916,0.44121,0.70028,0.02875,7.97936,0.93072,0.93878,0.9521,0.51064,0.95095,0.95918,0.96233,0.9317,1.42584,0.23743,0.18898,0.45509,0.02884,0,0.0007162,0.0007162,0.0007162
45,134.584,1.41325,0.20551,0.41269,0.59091,0.02948,7.66178,0.90533,0.97585,0.95608,0.51525,0.9183,0.97959,0.96252,0.92729,1.44126,0.22415,0.19962,0.45781,0.02811,0,0.0007096,0.0007096,0.0007096
46,137.7,1.3331,0.23108,0.46339,0.61464,0.02778,7.92078,0.92269,0.97432,0.97008,0.55238,0.93267,0.97959,0.97197,0.93351,1.45247,0.16353,0.18549,0.41972,0.02833,0,0.000703,0.000703,0.000703
47,141.255,1.41549,0.21532,0.46623,0.63702,0.0301,7.84297,0.85929,0.97959,0.95301,0.52913,0.95086,0.91837,0.97504,0.95198,1.50346,0.14709,0.19323,0.46034,0.0333,0,0.0006964,0.0006964,0.0006964
48,144.194,1.44276,0.34866,0.45671,0.66907,0.03118,8.50921,0.87214,0.97454,0.95896,0.5414,0.9581,0.9335,0.9738,0.94553,1.47191,0.14443,0.21305,0.4544,0.03286,0,0.0006898,0.0006898,0.0006898
49,147.111,1.3846,0.28067,0.43725,0.56516,0.02956,7.74572,0.91986,0.93704,0.95783,0.55514,0.91986,0.93704,0.96231,0.93545,1.38109,0.14392,0.21534,0.43487,0.02859,0,0.0006832,0.0006832,0.0006832
50,150.022,1.39112,0.13546,0.46517,0.57789,0.02965,7.10794,0.8871,0.91837,0.94583,0.52753,0.87126,0.95918,0.9558,0.92903,1.37884,0.1414,0.18601,0.46106,0.02772,0,0.0006766,0.0006766,0.0006766
51,152.937,1.38521,0.15901,0.45245,0.55086,0.02832,6.94496,0.8694,0.9511,0.94741,0.51178,0.8843,0.95918,0.95198,0.92869,1.43592,0.13569,0.17541,0.46575,0.0292,0,0.00067,0.00067,0.00067
52,155.728,1.34701,0.15886,0.42904,0.54314,0.02618,7.00735,0.90339,0.9543,0.9553,0.51772,0.90339,0.9543,0.96354,0.95268,1.47095,0.12637,0.1613,0.47243,0.02811,0,0.0006634,0.0006634,0.0006634
53,158.503,1.37395,0.2151,0.50611,0.59627,0.02831,7.31061,0.86682,0.93878,0.93737,0.48208,0.92897,0.87755,0.94642,0.91858,1.5935,0.17868,0.18063,0.56852,0.031,0,0.0006568,0.0006568,0.0006568
54,161.254,1.39014,0.19428,0.47963,0.66995,0.02665,7.30856,0.85031,0.95918,0.96151,0.49381,0.9549,0.86433,0.96818,0.93354,1.60047,0.1808,0.18071,0.65496,0.03132,0,0.0006502,0.0006502,0.0006502
55,164.048,1.33376,0.15272,0.39585,0.61046,0.02705,7.02562,0.81026,0.95918,0.92669,0.45616,0.81026,0.95918,0.93676,0.9194,1.70607,0.135,0.19439,0.77708,0.03676,0,0.0006436,0.0006436,0.0006436
56,166.823,1.35647,0.11865,0.46051,0.56218,0.02781,6.58524,0.90725,0.93878,0.97392,0.52368,0.90725,0.93878,0.97486,0.96744,1.52725,0.08335,0.1843,0.53466,0.03253,0,0.000637,0.000637,0.000637
57,169.605,1.30961,0.19854,0.38032,0.52764,0.02661,7.44738,0.92293,0.97765,0.95444,0.58397,0.92293,0.97765,0.97102,0.95919,1.28832,0.09605,0.16899,0.44141,0.0256,0,0.0006304,0.0006304,0.0006304
58,172.359,1.42916,0.1439,0.4604,0.62749,0.02755,6.47331,0.92686,0.93878,0.96789,0.59026,0.96549,0.91837,0.97495,0.96478,1.26231,0.09951,0.16467,0.42661,0.02489,0,0.0006238,0.0006238,0.0006238
59,175.157,1.24502,0.14768,0.4448,0.54506,0.02422,6.5687,0.93995,0.95829,0.94085,0.56284,0.95437,0.95918,0.95665,0.94791,1.25977,0.10237,0.1543,0.41675,0.02459,0,0.0006172,0.0006172,0.0006172
60,177.915,1.29022,0.14993,0.44264,0.60216,0.02466,6.15079,0.9355,0.93878,0.94492,0.55524,0.9355,0.93878,0.96814,0.95166,1.39419,0.102,0.14481,0.4687,0.02819,0,0.0006106,0.0006106,0.0006106
61,180.692,1.2899,0.1223,0.5196,0.6498,0.02574,6.29679,0.86959,0.97959,0.95309,0.50692,0.86959,0.97959,0.97122,0.95901,1.51126,0.09417,0.14139,0.50685,0.03166,0,0.000604,0.000604,0.000604
62,183.451,1.28787,0.18134,0.45177,0.59622,0.02758,6.56191,0.87223,0.97959,0.95839,0.47106,0.87223,0.97959,0.95839,0.95207,1.67504,0.08146,0.13237,0.57697,0.0365,0,0.0005974,0.0005974,0.0005974
63,186.226,1.31561,0.13737,0.53453,0.59317,0.02535,6.63812,0.8702,0.95779,0.95343,0.49829,0.8702,0.95779,0.95343,0.94853,1.60861,0.06857,0.12714,0.606,0.03414,0,0.0005908,0.0005908,0.0005908
64,188.992,1.25861,0.13466,0.44959,0.57869,0.02559,6.41079,0.9179,0.91837,0.96024,0.52092,0.9179,0.91837,0.96024,0.95526,1.52176,0.06449,0.11947,0.56686,0.03116,0,0.0005842,0.0005842,0.0005842
65,191.761,1.25408,0.15712,0.48178,0.65549,0.02459,6.14842,0.93734,0.91592,0.96263,0.58044,0.93734,0.91592,0.96435,0.95909,1.35945,0.07383,0.11573,0.51011,0.02669,0,0.0005776,0.0005776,0.0005776
66,194.533,1.18705,0.10013,0.43686,0.5353,0.02374,5.88337,0.88865,0.97725,0.96709,0.59033,0.88865,0.97725,0.96709,0.95943,1.28542,0.09037,0.11177,0.47015,0.02529,0,0.000571,0.000571,0.000571
67,197.282,1.25928,0.15105,0.43923,0.50176,0.02471,6.24033,0.88884,0.9791,0.96511,0.58748,0.88884,0.9791,0.96511,0.95659,1.30479,0.09103,0.1088,0.46627,0.02644,0,0.0005644,0.0005644,0.0005644
68,200.065,1.29025,0.12132,0.35744,0.52245,0.02568,5.83993,0.93068,0.91837,0.96395,0.53987,0.93068,0.91837,0.96395,0.95492,1.47533,0.10583,0.1093,0.54146,0.03201,0,0.0005578,0.0005578,0.0005578
69,202.835,1.25711,0.09893,0.40159,0.48796,0.02596,5.91994,0.8888,0.9787,0.96346,0.47085,0.8888,0.9787,0.96346,0.95419,1.70154,0.09783,0.11259,0.54735,0.03743,0,0.0005512,0.0005512,0.0005512
70,205.601,1.25951,0.09102,0.42674,0.52398,0.02547,6.20463,0.88865,0.97725,0.96087,0.45398,0.88865,0.97725,0.96087,0.95107,1.77994,0.08817,0.11382,0.55424,0.03891,0,0.0005446,0.0005446,0.0005446
71,208.344,1.24864,0.06901,0.38303,0.51649,0.02535,5.70673,0.88174,0.95918,0.95739,0.44402,0.88174,0.95918,0.94662,0.94662,1.78795,0.08596,0.11306,0.54477,0.03769,0,0.000538,0.000538,0.000538
72,211.125,1.36659,0.16024,0.40343,0.64472,0.02675,6.55127,0.92128,0.95541,0.96236,0.47048,0.92128,0.95541,0.95215,0.95215,1.66742,0.08756,0.10563,0.4944,0.03423,0,0.0005314,0.0005314,0.0005314
73,213.884,1.36455,0.12003,0.46907,0.5835,0.02783,5.67658,0.93976,0.95918,0.96486,0.5141,0.93976,0.95918,0.95525,0.95525,1.52,0.08992,0.10316,0.46204,0.03144,0,0.0005248,0.0005248,0.0005248
74,216.645,1.34687,0.12116,0.42417,0.59246,0.02734,5.54389,0.94149,0.95918,0.96183,0.53916,0.94149,0.95918,0.95359,0.95359,1.45634,0.08659,0.1003,0.4458,0.02984,0,0.0005182,0.0005182,0.0005182
75,219.418,1.31393,0.08924,0.51146,0.59132,0.02565,5.38088,0.93693,0.93878,0.9459,0.57828,0.93693,0.93878,0.9459,0.9459,1.27542,0.08308,0.10324,0.40937,0.02574,0,0.0005116,0.0005116,0.0005116
76,222.163,1.2618,0.07177,0.45452,0.55826,0.02478,5.15475,0.92117,0.95405,0.94775,0.59626,0.92117,0.95405,0.94775,0.94775,1.17793,0.09131,0.10871,0.43048,0.0243,0,0.000505,0.000505,0.000505
77,224.916,1.36367,0.08129,0.41979,0.577,0.02684,5.41642,0.92152,0.9586,0.94165,0.59106,0.92152,0.9586,0.94165,0.94165,1.18774,0.09638,0.10936,0.41605,0.02507,0,0.0004984,0.0004984,0.0004984
78,227.676,1.20429,0.13528,0.44489,0.52605,0.02283,5.40854,0.95475,0.91837,0.94503,0.57529,0.95475,0.91837,0.9458,0.94565,1.24279,0.086,0.1098,0.43907,0.02596,0,0.0004918,0.0004918,0.0004918
79,230.468,1.24889,0.12277,0.40719,0.55562,0.02338,5.73802,0.9572,0.91301,0.94675,0.56813,0.9572,0.91301,0.94824,0.94794,1.32665,0.08988,0.11108,0.47394,0.02736,0,0.0004852,0.0004852,0.0004852
80,233.223,1.26511,0.10152,0.43498,0.58232,0.02437,5.38366,0.95287,0.91837,0.95193,0.56451,0.95287,0.91837,0.95193,0.95193,1.37858,0.09081,0.11275,0.48418,0.02814,0,0.0004786,0.0004786,0.0004786
81,235.991,1.34357,0.06944,0.51932,0.52699,0.02655,5.09074,0.95393,0.91837,0.94681,0.5212,0.95393,0.91837,0.95003,0.94726,1.51295,0.10424,0.11463,0.5078,0.03051,0,0.000472,0.000472,0.000472
82,238.746,1.22788,0.07412,0.41074,0.48189,0.02472,5.00495,0.95713,0.91132,0.94875,0.5066,0.95713,0.91132,0.95076,0.94822,1.53275,0.09348,0.11396,0.51185,0.03003,0,0.0004654,0.0004654,0.0004654
83,241.505,1.16382,0.06788,0.38964,0.41077,0.0233,4.92244,0.95296,0.89796,0.95372,0.53196,0.95296,0.89796,0.96511,0.95346,1.44025,0.07973,0.11312,0.49374,0.0273,0,0.0004588,0.0004588,0.0004588
84,244.26,1.21071,0.06083,0.41767,0.4469,0.02326,4.48602,0.95012,0.91837,0.95021,0.55603,0.95012,0.91837,0.95066,0.95057,1.32279,0.08048,0.1116,0.4488,0.02485,0,0.0004522,0.0004522,0.0004522
85,247.033,1.28877,0.10359,0.3614,0.50046,0.02639,4.90271,0.95728,0.91477,0.94864,0.5811,0.95728,0.91477,0.95131,0.95051,1.27407,0.10295,0.11442,0.45098,0.02495,0,0.0004456,0.0004456,0.0004456
86,249.769,1.20007,0.09983,0.47803,0.52595,0.02377,4.97873,0.94517,0.91837,0.95235,0.58646,0.94517,0.91837,0.95235,0.95235,1.25709,0.10391,0.1172,0.43574,0.02506,0,0.000439,0.000439,0.000439
87,252.517,1.18154,0.05967,0.42507,0.50199,0.02384,4.58744,0.90521,0.97447,0.95726,0.59336,0.90521,0.97447,0.9578,0.95769,1.28258,0.10991,0.11382,0.43068,0.02666,0,0.0004324,0.0004324,0.0004324
88,255.306,1.18525,0.04967,0.42067,0.44901,0.02497,4.4017,0.92261,0.95918,0.95464,0.5795,0.92261,0.95918,0.95553,0.95536,1.33989,0.11226,0.11559,0.44661,0.02838,0,0.0004258,0.0004258,0.0004258
89,258.121,1.14508,0.07366,0.43841,0.44374,0.02186,4.69378,0.93639,0.93878,0.96153,0.54856,0.93639,0.93878,0.96153,0.96153,1.41698,0.10996,0.1146,0.45589,0.02973,0,0.0004192,0.0004192,0.0004192
90,260.951,1.26304,0.07806,0.38782,0.48708,0.02462,4.66985,0.91973,0.93545,0.94241,0.52919,0.91973,0.93545,0.95141,0.94961,1.47356,0.09794,0.11634,0.49415,0.03082,0,0.0004126,0.0004126,0.0004126
91,263.735,1.13628,0.05259,0.3938,0.48291,0.02237,4.36853,0.92121,0.95456,0.94275,0.51455,0.92121,0.95456,0.94798,0.94694,1.52181,0.09048,0.11582,0.48282,0.03105,0,0.000406,0.000406,0.000406
92,266.585,1.19887,0.05169,0.30948,0.45304,0.02357,4.41778,0.93994,0.95815,0.94179,0.53219,0.93994,0.95815,0.94996,0.94833,1.44683,0.10459,0.12019,0.45288,0.02796,0,0.0003994,0.0003994,0.0003994
93,269.463,1.26291,0.07275,0.50635,0.56074,0.02442,4.96496,0.93742,0.95918,0.95224,0.56923,0.93742,0.95918,0.95224,0.95224,1.36052,0.10397,0.12144,0.43946,0.02533,0,0.0003928,0.0003928,0.0003928
94,272.322,1.30505,0.06119,0.41115,0.54786,0.0257,4.57129,0.95904,0.95918,0.94229,0.58127,0.95904,0.95918,0.94857,0.94732,1.24431,0.08541,0.12298,0.41908,0.02263,0,0.0003862,0.0003862,0.0003862
95,275.213,1.23955,0.08756,0.42479,0.49352,0.0243,4.94146,0.91799,0.93878,0.9462,0.60261,0.91799,0.93878,0.9462,0.9462,1.21757,0.08627,0.12228,0.4369,0.02259,0,0.0003796,0.0003796,0.0003796
96,278.007,1.17744,0.09717,0.3786,0.44398,0.02293,4.788,0.95814,0.93427,0.94449,0.59582,0.95814,0.93427,0.94574,0.94549,1.23495,0.08651,0.12205,0.42441,0.02297,0,0.000373,0.000373,0.000373
97,280.765,1.21913,0.09436,0.50664,0.57457,0.02252,4.29672,0.92126,0.95513,0.94796,0.5706,0.92126,0.95513,0.94796,0.94796,1.33618,0.08474,0.11872,0.45249,0.02607,0,0.0003664,0.0003664,0.0003664
98,283.517,1.18948,0.06175,0.38687,0.46719,0.02304,4.50137,0.9495,0.91837,0.94521,0.52232,0.9495,0.91837,0.94521,0.94316,1.4674,0.09172,0.11788,0.49444,0.03083,0,0.0003598,0.0003598,0.0003598
99,286.274,1.20859,0.15521,0.39817,0.56587,0.0228,4.66175,0.92086,0.95918,0.94565,0.52565,0.92086,0.95918,0.94565,0.94353,1.49799,0.08943,0.11878,0.4859,0.03192,0,0.0003532,0.0003532,0.0003532
100,289.041,1.22726,0.09343,0.47268,0.48463,0.02368,4.06489,0.9191,0.95918,0.94342,0.53456,0.9191,0.95918,0.94675,0.94575,1.44126,0.07112,0.12027,0.46752,0.03002,0,0.0003466,0.0003466,0.0003466
101,291.812,1.18766,0.06946,0.45075,0.4726,0.02238,4.36471,0.91823,0.95918,0.94687,0.5638,0.91823,0.95918,0.9504,0.94934,1.37421,0.06685,0.12851,0.4366,0.02712,0,0.00034,0.00034,0.00034
102,294.557,1.15151,0.09321,0.4446,0.50691,0.02207,4.27092,0.91926,0.95918,0.94437,0.56407,0.91926,0.95918,0.94437,0.94437,1.35809,0.06525,0.1293,0.4343,0.02624,0,0.0003334,0.0003334,0.0003334
103,297.327,1.28513,0.09272,0.53789,0.50855,0.02324,4.27657,0.95393,0.91837,0.95425,0.57437,0.95393,0.91837,0.94415,0.94415,1.37709,0.06835,0.13045,0.44119,0.02624,0,0.0003268,0.0003268,0.0003268
104,300.088,1.15203,0.0708,0.4477,0.51867,0.02195,4.18686,0.95814,0.93431,0.94658,0.57577,0.95814,0.93431,0.94658,0.94658,1.36634,0.066,0.12781,0.42986,0.02609,0,0.0003202,0.0003202,0.0003202
105,302.852,1.08464,0.04659,0.41391,0.4148,0.02075,3.8589,0.93988,0.95717,0.94595,0.58441,0.93988,0.95717,0.94777,0.94722,1.29855,0.06781,0.12825,0.41904,0.02494,0,0.0003136,0.0003136,0.0003136
106,305.604,1.18623,0.1414,0.42726,0.54545,0.02303,4.79973,0.9319,0.95918,0.9476,0.59496,0.9319,0.95918,0.9476,0.9476,1.2663,0.06661,0.12525,0.41049,0.02441,0,0.000307,0.000307,0.000307
107,308.356,1.12673,0.05641,0.35409,0.46742,0.02158,4.25549,0.91893,0.95918,0.95307,0.61269,0.91893,0.95918,0.95307,0.95307,1.2274,0.0734,0.13385,0.40483,0.02377,0,0.0003004,0.0003004,0.0003004
108,311.148,1.20477,0.08451,0.46043,0.58573,0.02232,4.19437,0.92139,0.95686,0.96034,0.61726,0.92139,0.95686,0.96034,0.96034,1.20763,0.06428,0.13352,0.39846,0.02325,0,0.0002938,0.0002938,0.0002938
109,313.896,1.22614,0.08397,0.49788,0.52434,0.0232,4.37151,0.93058,0.93878,0.95756,0.6132,0.93058,0.93878,0.95756,0.95756,1.22322,0.06428,0.13368,0.41438,0.0236,0,0.0002872,0.0002872,0.0002872
110,316.679,1.17068,0.14162,0.43306,0.58963,0.02271,4.39917,0.91701,0.93878,0.9411,0.5733,0.91701,0.93878,0.9411,0.9411,1.30957,0.05868,0.12817,0.44561,0.02568,0,0.0002806,0.0002806,0.0002806
111,319.428,1.11321,0.04976,0.36205,0.46172,0.02204,3.70577,0.90099,0.95918,0.9477,0.55076,0.90099,0.95918,0.9477,0.9477,1.38403,0.06863,0.14048,0.49021,0.02806,0,0.000274,0.000274,0.000274
112,322.179,1.20014,0.07782,0.40315,0.50163,0.02289,4.26075,0.91696,0.95918,0.93954,0.53765,0.91696,0.95918,0.94487,0.9438,1.44936,0.07641,0.1361,0.47263,0.02951,0,0.0002674,0.0002674,0.0002674
113,324.929,1.23549,0.0914,0.4196,0.51873,0.02374,4.15451,0.90113,0.95918,0.94703,0.5081,0.90113,0.95918,0.94703,0.94703,1.53614,0.08212,0.14132,0.49397,0.03153,0,0.0002608,0.0002608,0.0002608
114,327.704,1.20879,0.1573,0.45246,0.5633,0.0236,4.83141,0.93317,0.93878,0.9527,0.50406,0.93317,0.93878,0.95883,0.95699,1.54659,0.09313,0.15086,0.48051,0.03128,0,0.0002542,0.0002542,0.0002542
115,330.432,1.1407,0.06632,0.42584,0.49435,0.02189,3.91137,0.91759,0.95918,0.95484,0.51665,0.91759,0.95918,0.95525,0.95496,1.5254,0.09292,0.14833,0.47209,0.03048,0,0.0002476,0.0002476,0.0002476
116,333.198,1.15052,0.05552,0.40097,0.50521,0.02211,3.6853,0.93976,0.95524,0.95578,0.53219,0.93976,0.95524,0.95816,0.95745,1.48771,0.0857,0.1369,0.46208,0.02898,0,0.000241,0.000241,0.000241
117,335.945,1.10096,0.04264,0.38606,0.51283,0.02151,3.54896,0.97811,0.91197,0.95596,0.54554,0.97811,0.91197,0.95814,0.95748,1.41701,0.07973,0.14059,0.53161,0.02714,0,0.0002344,0.0002344,0.0002344
118,338.688,1.12854,0.06102,0.45376,0.52399,0.02139,3.84893,0.93848,0.93401,0.95225,0.54769,0.93848,0.93401,0.95315,0.95271,1.41439,0.07889,0.13334,0.47642,0.02707,0,0.0002278,0.0002278,0.0002278
119,341.468,1.16665,0.09708,0.41388,0.59405,0.02146,4.10564,0.92132,0.95589,0.94861,0.56382,0.92132,0.95589,0.95,0.94916,1.40308,0.07945,0.13074,0.47003,0.02701,0,0.0002212,0.0002212,0.0002212
120,344.22,1.24445,0.06286,0.5033,0.58806,0.02372,3.83876,0.91807,0.95918,0.94385,0.55266,0.91807,0.95918,0.94385,0.94385,1.39737,0.07486,0.13299,0.46335,0.02709,0,0.0002146,0.0002146,0.0002146
121,346.995,1.09693,0.04834,0.43784,0.46921,0.02003,3.722,0.93511,0.91837,0.9535,0.56345,0.93511,0.91837,0.95394,0.95363,1.39349,0.07756,0.13569,0.47268,0.02699,0,0.000208,0.000208,0.000208
122,349.722,1.13355,0.05118,0.3852,0.4767,0.02211,3.59457,0.95624,0.91837,0.94264,0.55875,0.95624,0.91837,0.94264,0.94264,1.36354,0.07748,0.13719,0.46114,0.02647,0,0.0002014,0.0002014,0.0002014
123,352.471,1.14505,0.10352,0.38805,0.45216,0.02288,3.87917,0.90307,0.95082,0.93984,0.56433,0.90307,0.95082,0.94129,0.94027,1.34757,0.08378,0.13901,0.47152,0.02606,0,0.0001948,0.0001948,0.0001948
124,355.268,1.14,0.08244,0.39128,0.54462,0.02203,4.01009,0.93325,0.93878,0.94339,0.57653,0.93325,0.93878,0.94339,0.94339,1.29149,0.0841,0.14211,0.45324,0.0247,0,0.0001882,0.0001882,0.0001882
125,358.019,1.17483,0.04046,0.40117,0.41421,0.02363,3.81264,0.93983,0.95637,0.94301,0.58212,0.93983,0.95637,0.94301,0.94301,1.2812,0.08036,0.14098,0.4523,0.0245,0,0.0001816,0.0001816,0.0001816
126,360.796,1.17721,0.06089,0.43972,0.48037,0.02378,4.1114,0.93859,0.93577,0.94067,0.57818,0.93859,0.93577,0.94067,0.94067,1.27713,0.07973,0.14437,0.45131,0.02442,0,0.000175,0.000175,0.000175
127,363.563,1.16807,0.05805,0.3835,0.46777,0.02269,3.83252,0.93849,0.93415,0.94366,0.5598,0.93849,0.93415,0.94432,0.94386,1.32378,0.07523,0.14029,0.46534,0.02582,0,0.0001684,0.0001684,0.0001684
128,366.312,1.13307,0.04678,0.40029,0.41755,0.02241,3.47473,0.93738,0.9166,0.94406,0.54646,0.93738,0.9166,0.94406,0.94406,1.33948,0.07206,0.13933,0.4751,0.02622,0,0.0001618,0.0001618,0.0001618
129,369.069,1.15552,0.08578,0.39381,0.51886,0.02207,3.48863,0.90298,0.95918,0.94578,0.54142,0.90298,0.95918,0.94711,0.94618,1.38134,0.06726,0.13674,0.4776,0.02725,0,0.0001552,0.0001552,0.0001552
130,371.871,1.1446,0.09828,0.39152,0.4773,0.02216,3.70219,0.91841,0.95918,0.94057,0.52955,0.91841,0.95918,0.94057,0.94057,1.4354,0.06323,0.13656,0.50049,0.02855,0,0.0001486,0.0001486,0.0001486
131,374.613,1.05925,0.0502,0.32665,0.41263,0.02119,3.76013,0.9349,0.91837,0.93906,0.52885,0.9349,0.91837,0.93906,0.93906,1.42307,0.06403,0.13598,0.50405,0.02805,0,0.000142,0.000142,0.000142
132,377.38,1.14043,0.11403,0.4533,0.53272,0.0213,3.74554,0.92705,0.91837,0.93748,0.5348,0.95743,0.91802,0.94162,0.93873,1.40643,0.06078,0.13699,0.50401,0.0273,0,0.0001354,0.0001354,0.0001354
133,380.131,1.15274,0.10024,0.47345,0.49406,0.02171,3.35613,0.90384,0.95918,0.94544,0.54685,0.90384,0.95918,0.94757,0.94608,1.38629,0.06997,0.13467,0.47901,0.0264,0,0.0001288,0.0001288,0.0001288
134,382.888,1.16279,0.07525,0.46156,0.54225,0.02173,3.66433,0.9375,0.9183,0.94047,0.55119,0.9375,0.9183,0.9419,0.9409,1.35699,0.06487,0.13362,0.48744,0.02544,0,0.0001222,0.0001222,0.0001222
135,385.645,1.1098,0.06626,0.38016,0.4963,0.02139,3.40232,0.93642,0.91837,0.94046,0.55483,0.93642,0.91837,0.94271,0.94113,1.29612,0.06456,0.1361,0.46628,0.02374,0,0.0001156,0.0001156,0.0001156
136,388.396,1.04196,0.0748,0.43787,0.46444,0.0199,3.46223,0.91989,0.95918,0.93531,0.55725,0.91989,0.95918,0.93723,0.93589,1.26382,0.06478,0.13388,0.44192,0.02297,0,0.000109,0.000109,0.000109
137,391.173,1.06576,0.05221,0.36718,0.4266,0.02074,3.26163,0.9377,0.95918,0.93545,0.56909,0.9377,0.95918,0.93636,0.93618,1.2351,0.0654,0.13302,0.43571,0.0224,0,0.0001024,0.0001024,0.0001024
138,393.891,1.07045,0.09933,0.39731,0.46141,0.02099,3.75717,0.9397,0.95411,0.93638,0.5745,0.9397,0.95411,0.93815,0.9378,1.23263,0.06897,0.13247,0.43007,0.02241,0,9.58e-05,9.58e-05,9.58e-05
139,396.66,1.07741,0.09092,0.38544,0.48675,0.0204,3.64587,0.9391,0.95918,0.93699,0.56968,0.9391,0.95918,0.93965,0.93912,1.22852,0.06433,0.13145,0.43464,0.02281,0,8.92e-05,8.92e-05,8.92e-05
140,399.416,1.05824,0.07121,0.40981,0.51014,0.01968,3.25721,0.93962,0.95281,0.93448,0.55926,0.93962,0.95281,0.93815,0.93694,1.25704,0.06892,0.13313,0.44276,0.02346,0,8.26e-05,8.26e-05,8.26e-05
141,405.277,1.04896,0.023,0.23282,0.29997,0.02195,2.98018,0.93967,0.95372,0.93564,0.55694,0.93967,0.95372,0.93985,0.93864,1.25037,0.06936,0.13409,0.43993,0.02341,0,7.6e-05,7.6e-05,7.6e-05
142,408.041,1.01292,0.02615,0.25918,0.29438,0.02003,3.20748,0.91759,0.95918,0.93558,0.56246,0.91759,0.95918,0.93914,0.93843,1.2521,0.06445,0.13211,0.43526,0.02379,0,6.94e-05,6.94e-05,6.94e-05
143,410.81,0.95441,0.01783,0.25348,0.28979,0.01949,2.97648,0.92039,0.95918,0.93704,0.56418,0.92039,0.95918,0.93882,0.93846,1.25742,0.06647,0.13237,0.43751,0.02397,0,6.28e-05,6.28e-05,6.28e-05
144,413.57,1.0594,0.02068,0.23613,0.32262,0.02202,2.88151,0.91917,0.95918,0.94107,0.5682,0.91917,0.95918,0.94107,0.94107,1.26574,0.06424,0.13241,0.44636,0.02421,0,5.62e-05,5.62e-05,5.62e-05
145,416.372,1.02632,0.01597,0.23345,0.29485,0.02046,2.88471,0.91812,0.95918,0.93759,0.5622,0.91812,0.95918,0.93933,0.93899,1.27048,0.06638,0.12964,0.4439,0.02426,0,4.96e-05,4.96e-05,4.96e-05
146,419.122,0.97362,0.0164,0.22142,0.27379,0.0208,2.7923,0.91699,0.95918,0.93838,0.5644,0.91699,0.95918,0.93936,0.93867,1.25277,0.06837,0.13009,0.44589,0.02391,0,4.3e-05,4.3e-05,4.3e-05
147,421.878,0.90008,0.01745,0.2044,0.29152,0.0188,2.89461,0.91684,0.95918,0.93329,0.55503,0.91684,0.95918,0.93793,0.9365,1.2569,0.06868,0.12908,0.44733,0.02399,0,3.64e-05,3.64e-05,3.64e-05
148,424.61,1.07031,0.02156,0.22028,0.30906,0.02117,2.88004,0.90639,0.95918,0.93673,0.56187,0.90639,0.95918,0.93762,0.93744,1.25695,0.06549,0.12669,0.44694,0.0241,0,2.98e-05,2.98e-05,2.98e-05
149,427.366,0.96509,0.02395,0.30758,0.2945,0.02025,2.98232,0.91892,0.95918,0.93753,0.56131,0.91892,0.95918,0.93753,0.93753,1.25798,0.06587,0.12783,0.44095,0.02394,0,2.32e-05,2.32e-05,2.32e-05
150,430.091,0.99566,0.01498,0.22301,0.27511,0.02071,2.65607,0.91602,0.95918,0.93943,0.56371,0.91602,0.95918,0.9402,0.93966,1.27708,0.06974,0.12724,0.44688,0.02445,0,1.66e-05,1.66e-05,1.66e-05
